"Timestamp","Your name as it appears in Canvas  (Will be anonymized before incidents are shared with the class)","Did you have any interactions today that you suspect might involve a UX Dark Pattern ?","If you reported ""yes"" or ""unsure"" please answer the following questions.

Name and link to the system or service","What were you trying to do?","What was suss?","Did encountering this pattern impact you in any way?  Please explain. 

(Examples of possible impacts include but are not limited to:  
-not achieving what you want to accomplish; 
-hindering what you wanted to accomplish; 
-costing you more time, money, or effort than anticipated/desired; 
-less confidence or less certainty that you have achieved your aim 
-less confidence or less certainty that you have mitigated undesirable consequences; 
-undue emotional labor; 
-possible consequences for others; 
and so on.)","Based on your personal feelings at this time, please mark the degree of concern you have about this incident. 

No concern (1) 
Mild concern (2) 
Moderate concern (3) 
High concern (4) 
Extreme concern(5)","Images or video of a problematic interaction are very helpful for analysis. Did you capture any images or video of the interaction you are reporting on?  (We will reach out when the collection period is concluded to collect.)","Which UX Dark Patterns do you think might be involved (if any)? (Check all that apply)   

Patterns are from Appendix A of  2022 US FTC Staff Report ""Bringing Dark Patterns to Light""","Anything else?","If you have screenshots or other documentation, you can upload  to 10 files of 100 MB in size via one submission."
"4/11/2025 12:07:48","ad5203c3dffa671aa1b432bbcae965c8","Yes","McDonald's Mobile App","Order food","Location services on mobile devices HAS to on to access any of the store locations and menus. Essentially, the app is unusable without location services being enabled with permissions given to the application. Other restaurant apps typically ask for a zip code and search for the nearest locations, but not McDonald's.","Privacy vulnerabilities, location data collection, and the general nuisance of having to turn on location services when using the app and turning it off after making an order.",3,"No","Asymmetric Choice (Trick questions, Confirm shaming, Preselection, Subverting privacy preferences)","No.",NA
"4/11/2025 13:04:08","06d3072d93fc75ea32a19bfe29a6e3ff","Yes","Edikted (clothing website) Edikted.com","purchase clothing from an online website","When I came across the page about shipping and final steps there was a prechecked box for an optional service fee.","If i hadn't looked closely I would have spent more money then I wanted to.",2,"Yes","Sneaking or Information Hiding (Sneak-into-Basket, Hidden Information, Hidden Costs, Drip Pricing, Hiddent Subscription or Forced Continuity, Intermediate Currency)",NA,NA
"4/11/2025 14:55:50","e94283a9999414873bbe32414e2ea914","Yes","ZipRecruiter: https://www.ziprecruiter.com/jobseeker/home","I was looking for jobs when I got an email from ZipRecruiter about employers not being able to find my resume","I already had my resume directly added to my profile, so them asking me to opt in to their resume database seemed strange to promote my resume more.","Encountering this pattern made me feel like my resume was not going to ever be found by recruiters because I had not been in their resume database. I felt like I would not be able to find an internship for the summer by using their service.",2,"Yes","Coerced Action (Unauthorized transactions, Auto-play, Nagging, Forced registration or enrollment, Pay-to-play or grinding, Friend Spam, Social pyramid schemes, and Address Book Leeching)",NA,NA
"4/11/2025 16:18:38","eebb41618d019775c4a84d577c6f74ab","Unsure","Crunch Fitness 
https://www.crunch.com/","Cancel Membership","When applying for membership, you can apply online but when cancel, you need to be in person in the gym to cancel","It is a waste of time and even money because I cannot be there physically until next month due to being on a trip",3,"No","Obstruction (Price comparison prevention, Roadblocks to cancellation, Immortal accounts)",NA,NA
"4/11/2025 17:40:02","e084c1a6a1bf55da63003a87e0be9919","Yes","Shein – https://www.shein.com","I was trying to purchase a hoodie and check out.","During checkout, a popup showed a ""70% OFF ending in 00:02:00"" countdown. I reloaded the page twice and the timer reset every time.","Yes — It pressured me to buy quicker than I wanted. I almost skipped comparing prices because I thought I’d lose the discount.",3,"No","Urgency (Baseless countdown timer, False limited time message, False discount claims), Interface Interference (Misdirection, False hierarchy or pressured upselling, Disguised ads,  Bait and swtich)",NA,NA
"4/11/2025 18:31:57","19fc85fa33a55276017f141140af6290","Yes","Warhammer 40k: Tacticus","Claim rewards for an in-game mission","The button for premium missions, which must be purchased with a real money transaction, is visually the same as the free quests, only differentiated by a small banner above the button. If pressed, the button opens a screen to make a purchase. The buttons in that screen to spend money are also visually similar, and there is a small timer displayed (though it is truthful).","It is a slight annoyance and wastes a small amount of my time, but this is a free mobile game and could easily trick someone else into making a purchase upwards of $24.",2,"Yes","Interface Interference (Misdirection, False hierarchy or pressured upselling, Disguised ads,  Bait and swtich)",NA,NA
"4/11/2025 20:12:26","4d3cbbce081d1040b28c38a6a24842aa","Yes","Kilohearts (Newsletter). It is a company that produces audio plugins to use when making music.","Reading an e-mail from Kilohearts and attempting to unsubscribe since I no longer use their plugins.","When I scrolled down to unsubscribe, the link to unsubscribe was not underlined and very small.","Fortunately, I noticed fairly quickly. As such, it only caused me to look for a few more seconds to click the unsubscribe link as it didn't appear like a link. Overall, it was a minor annoyance at most.",2,"Yes","Sneaking or Information Hiding (Sneak-into-Basket, Hidden Information, Hidden Costs, Drip Pricing, Hiddent Subscription or Forced Continuity, Intermediate Currency)",NA,NA
"4/11/2025 20:12:43","944adb58eba16be3107cc80dacfdf810","Yes","Fortive Career Page: https://fortive.eightfold.ai/careers/job/893379393197?pid=893379393197&recommended=1","Apply to an internship","The job was posted by a third party, when I clicked apply it redirected me to another site that prompted me to upload my resume. The style seemed unusual compared to other jobs I've applied to so I went back to the original link and clicked apply again and I was directed to the real website that was associated with the business and looked normal. I think the first redirect by the third party recruiting company tried to get me to upload my resume to steal my data.","It cost me a little extra time as I had to go through hoops to find the actual website, though I was discouraged from applying due to this experience.",3,"Yes","Interface Interference (Misdirection, False hierarchy or pressured upselling, Disguised ads,  Bait and swtich)",NA,NA
"4/11/2025 21:10:59","ebd6f1c3b996944dae36a1cb3d57d4f9","No",NA,NA,NA,NA,NA,NA,NA,NA,NA
"4/11/2025 21:43:25","886a1f7d4ddf80bb83ed8dcd5bf2d771","Yes","Shein App
https://us.shein.com/","I was browsing for clothes on the Shein app.","They offered a 31-day trial for only $0.01, but in small text at the bottom, it said the subscription would auto-renew for $9.99 for three months after the trial. The important cost information was hidden, and the design mostly focused on the $0.01 price to make users act quickly without noticing the auto-renewal.","It made me feel unsure about signing up. I spent extra time reading the fine print to make sure I wouldn’t be charged accidentally later. It also made me lose a little trust in the app.",3,"Yes","Sneaking or Information Hiding (Sneak-into-Basket, Hidden Information, Hidden Costs, Drip Pricing, Hiddent Subscription or Forced Continuity, Intermediate Currency), Interface Interference (Misdirection, False hierarchy or pressured upselling, Disguised ads,  Bait and swtich)","The ""Activate Now"" button is very bright and big compared to the small text about renewal, which feels like it was designed to push users into acting fast without reading carefully.",NA
"4/11/2025 21:43:35","fab0fd443492790d8040a1561d694f15","No",NA,NA,NA,NA,NA,"No",NA,NA,NA
"4/11/2025 22:08:47","51bc70a8f0bc3ceef47efb8c541aecf5","Unsure","Abercrombie & Fitch (https://www.abercrombie.com/shop/us/p/essential-baby-tee-56537321?categoryId=6570723&faceout=model&seq=31&afsource=social+proofing)","I was scrolling through instagram, when the ad showed up.","This “1585 people are currently viewing” thing is likely fake urgency, disguised as helpful info. It’s suspicious UX because it plays on your emotions rather than offering real, useful data.","I feel like it created false urgency.",2,"Yes","Social Proof (False activity messages, Deceptive consumer testimonials, Deceptive celebrity endorsements, Parasocial relationship pressure), Scarcity (False low stock message, False high demand,)",NA,NA
"4/11/2025 22:30:58","5012b3d9073da72ad6e4adf3216c2b62","No",NA,NA,NA,NA,NA,NA,NA,NA,NA
"4/11/2025 22:35:27","5411b0bcb49f05550d4c934741480c17","Yes","Coach Outlet 
https://www.coachoutlet.com/shop/women/view-all
","Browsing hand bags to possibly purchase as a gift.","They list a discount price but it has been that price for weeks. It shows the price now, the comparable price, and the percentage off. It creates a false sense of getting a deal when it's probably just normal price.","It made me question the deal and made me question if I should wait to buy it since it might not actually be on sale.",3,"Yes","Urgency (Baseless countdown timer, False limited time message, False discount claims), Sneaking or Information Hiding (Sneak-into-Basket, Hidden Information, Hidden Costs, Drip Pricing, Hiddent Subscription or Forced Continuity, Intermediate Currency)","They could be more transparent by telling us what the comparable value meant or show us the price history.",NA
"4/11/2025 22:48:51","8e092ec9b89b7103c2359d4abc744d1a","No",NA,NA,NA,NA,NA,NA,NA,NA,NA
"4/11/2025 23:13:24","4d56a052dd9ec2545fba57307a85f15b","No",NA,NA,NA,NA,NA,NA,NA,NA,NA
"4/11/2025 23:50:27","7f56650e38a07b0307aae53f55465586","No",NA,NA,NA,NA,NA,NA,NA,"I thought I may have came across a dark pattern, but it was in fact not a dark pattern, so I didn't come across anything.",NA
"4/11/2025 23:57:09","7c28193f03a672189dda946626935b7f","No",NA,NA,NA,NA,NA,NA,NA,NA,NA
"4/12/2025 0:08:40","ed05e399d513e9979361fc70084ae303","No",NA,NA,NA,NA,NA,NA,NA,"Sorry, this was meant for Friday the 11th, but it slipped from my mind.",NA
"4/12/2025 0:09:30","6d1dcfc2d156a7456434b55a937e76b9","Yes","https://www.temu.com/","I was just shopping for charms","It kept saying buy it soon or else its out","Yes. I went to Temu to browse, but was quickly overwhelmed by pop-ups, fake discount timers, and product bundles added to my cart without my explicit permission. It made me question what I was actually purchasing, and I felt pressured to make quick decisions that I wasn't prepared to make.",3,"Yes","Urgency (Baseless countdown timer, False limited time message, False discount claims), Sneaking or Information Hiding (Sneak-into-Basket, Hidden Information, Hidden Costs, Drip Pricing, Hiddent Subscription or Forced Continuity, Intermediate Currency), Interface Interference (Misdirection, False hierarchy or pressured upselling, Disguised ads,  Bait and swtich), Coerced Action (Unauthorized transactions, Auto-play, Nagging, Forced registration or enrollment, Pay-to-play or grinding, Friend Spam, Social pyramid schemes, and Address Book Leeching)","The constant pop-ups and time pressure felt manipulative, not helpful.",NA
"4/12/2025 10:33:48","52a282701a15892730e7f826c74c0949","No",NA,NA,NA,NA,NA,NA,NA,"No",NA
"4/12/2025 10:47:53","5e850c5b2164e8603dea6da18cfe6419","Yes","android phone, galaxy s20, spotify app","join my brothers family plan","friday April 11th at 12:24pm: my brother got the Spotify Family Plan which can hold up to 6 accounts, which is what ive been paying for myself for a long time. i used to have 4 or 5 slots filled but its just been me for a while and so to cut costs i decided to join my brother on his plan. he sent me the invite link, i signed in successfully, spotify verified the address but then it goes to a screen that says ""sorry, a problem has occurred, try again later"". i tried a few times in a row, a few more times an hour later, and even got the invite link resent, and always the same results. my conspiracy mind thinks that its on purpose because if everyone flocks to a family plan, spotify loses theoretically millions or billions of revenue, because premium for one person is i think 15 bucks and family plan is 22 bucks for 6 people.","it is preventing me from cutting my bill costs, and convincing me that they are doing it on purpose so they dont care about letting me make full use of their features, they care more about money",2,"No","false errors preventing account transitions",NA,NA
"4/12/2025 12:35:15","ad5203c3dffa671aa1b432bbcae965c8","Yes","Amazon Prime Subscription/Cancellation Process","Cancel an Amazon Prime subscription","Whenever you try to cancel a subscription for Amazon Prime, they flash a ""deal"" for Amazon Prime in your face, to get you to not cancel. Furthermore, they show three different interface buttons, all the same shape and color, but the last one is the one that continues with the cancellation, while the other two do not. Also, the cancellation button isn't labeled ""Cancel Subscription"", but is simply ""Continue"", which may confuse first-time users.","This pattern hinders what I want to accomplish by making the task more tedious, unnecessary, and drawn-out.",2,"No","Obstruction (Price comparison prevention, Roadblocks to cancellation, Immortal accounts)","No.",NA
"4/12/2025 19:06:13","4d56a052dd9ec2545fba57307a85f15b","Unsure","Email",NA,"Yes, a random person sent me multiple emails asking me to click on the link saying that they will give me money. What is stranger to me is that there was no link to an organization and it was just a persons name.","It honestly made me confused because of the link, and if I had clicked it on it, I could have had some kind of loss.",2,"Yes","Sneaking or Information Hiding (Sneak-into-Basket, Hidden Information, Hidden Costs, Drip Pricing, Hiddent Subscription or Forced Continuity, Intermediate Currency), Making you click on a link that could potentially be harmful",NA,NA
"4/12/2025 21:13:34","5411b0bcb49f05550d4c934741480c17","Yes","Ticketmaster (www.ticketmaster.com)","I was trying to look at ticket pricing for a concert (Crankdat at Wamu Seattle)","Hidden costs: The ticket was $55 + additional fees, but you are only able to see additional fees when trying to check out, which increased total to $79.95.","Since I already have experience with TicketMaster I wasn't too surprised with the additional fees. However, it is still frustrating to see that price and only able to see how much the additional fee is at checkout. It feels like they are trying to make the price seem lower than it actually is, but experienced users know better. It is probably more of an issue to someone newer.",3,"Yes","Sneaking or Information Hiding (Sneak-into-Basket, Hidden Information, Hidden Costs, Drip Pricing, Hiddent Subscription or Forced Continuity, Intermediate Currency)","You click on the $55 ticket and then it leads you to a page to select the quantity is where you will see the $55 + fees in smaller print, but at the bottom, the subtotal is larger. When you hit next to checkout is when you are able to see the additional feels. And there is also a 10 minute check out timer, which all pressures you into paying the fees.",NA
"4/12/2025 21:49:16","7f56650e38a07b0307aae53f55465586","Unsure","Outlook junk email, no link","I was just checking my junk email","the email seemed really fake, even though it's from a trusted company.","not necessarily, but it made me trust the company a bit less.",1,"Yes","Social Proof (False activity messages, Deceptive consumer testimonials, Deceptive celebrity endorsements, Parasocial relationship pressure), Urgency (Baseless countdown timer, False limited time message, False discount claims)",NA,NA
"4/12/2025 22:00:15","ebd6f1c3b996944dae36a1cb3d57d4f9","No",NA,NA,NA,NA,NA,NA,NA,NA,NA
"4/12/2025 22:02:16","e084c1a6a1bf55da63003a87e0be9919","No",NA,NA,NA,NA,NA,"No",NA,NA,NA
"4/12/2025 22:34:43","fab0fd443492790d8040a1561d694f15","No",NA,NA,NA,NA,NA,"No",NA,NA,NA
"4/12/2025 22:40:20","51bc70a8f0bc3ceef47efb8c541aecf5","No",NA,NA,NA,NA,NA,NA,NA,NA,NA
"4/12/2025 22:49:37","e94283a9999414873bbe32414e2ea914","No",NA,NA,NA,NA,NA,NA,NA,NA,NA
"4/12/2025 23:02:53","eebb41618d019775c4a84d577c6f74ab","No",NA,NA,NA,NA,NA,NA,NA,NA,NA
"4/12/2025 23:26:43","944adb58eba16be3107cc80dacfdf810","No",NA,NA,NA,NA,NA,NA,NA,NA,NA
"4/12/2025 23:30:10","06d3072d93fc75ea32a19bfe29a6e3ff","No",NA,NA,NA,NA,NA,NA,NA,NA,NA
"4/12/2025 23:38:53","5e850c5b2164e8603dea6da18cfe6419","No","device-less day","stay in nature","nothing","we spent the day i nature completely disconnected from tech, with the exception of the car and phone for basic navigation and music which presented no problems",1,NA,"nature was bliss","disconnect more often!",NA
"4/12/2025 23:39:58","5012b3d9073da72ad6e4adf3216c2b62","Yes","Plugged Zone ad on Youtube","Simply watching a YouTube video","The ad I saw didn’t look real (AI voice, how it was presented), and the website that I accidentally clicked the link to looked less convincing, showing photos of toy puppies and real puppies","It did hinder my time to watch videos",1,"No","Social Proof (False activity messages, Deceptive consumer testimonials, Deceptive celebrity endorsements, Parasocial relationship pressure), Interface Interference (Misdirection, False hierarchy or pressured upselling, Disguised ads,  Bait and swtich)",NA,NA
"4/12/2025 23:57:26","ed05e399d513e9979361fc70084ae303","Yes","Technically Google, but it was a news website that showed up on my Google discover feed (Android phone)","Look at news about a new game","When I had pressed the back button to leave the page, it redirected me to a different page rather than to the Google discover feed, hitting the back button again sent me to yet another page on this news website","Not achieving and hindering what I want to accomplish.",2,"No","Interface Interference (Misdirection, False hierarchy or pressured upselling, Disguised ads,  Bait and swtich)","Several websites do the first misdirect, but this was the first website ever to do a second misdirect to me.",NA
"4/12/2025 23:58:50","886a1f7d4ddf80bb83ed8dcd5bf2d771","Yes","Solidcore Website https://www.solidcore.co/","I was looking at new client specials for workout classes.","The bold price said $89 and $59, but the real total cost ($98.61 and $65.37) was hidden in small text. Also, information about late cancellation fees was not clearly displayed upfront.","It made me feel less certain about the real price and whether I would be charged more if I missed a class. I had to spend extra time searching for the cancellation policy.",2,"Yes","Sneaking or Information Hiding (Sneak-into-Basket, Hidden Information, Hidden Costs, Drip Pricing, Hiddent Subscription or Forced Continuity, Intermediate Currency)","NO",NA
"4/13/2025 0:02:14","ed05e399d513e9979361fc70084ae303","Unsure","Gmail on my Android phone","Look at my emails","An email that claimed that I was sent an invoice for 400+ dollars. It claimed that I had made a large purchase (I had not) from a PayPal account that I do not have and demanded repayment in Bitcoin.","Undue emotional labor",4,"Yes","Coerced Action (Unauthorized transactions, Auto-play, Nagging, Forced registration or enrollment, Pay-to-play or grinding, Friend Spam, Social pyramid schemes, and Address Book Leeching)","I don't think I've ever received a scam email quite like this",NA
"4/13/2025 0:04:56","19fc85fa33a55276017f141140af6290","No",NA,NA,NA,NA,NA,NA,NA,"I waited this long to submit this because I expected to run into a dark pattern, but I didn't use any new software and I either don't notice any dark patterns in the stuff I use or didn't run into any",NA
"4/13/2025 0:25:59","7c28193f03a672189dda946626935b7f","No",NA,NA,NA,NA,NA,NA,NA,NA,NA
"4/13/2025 0:28:47","8e092ec9b89b7103c2359d4abc744d1a","No",NA,NA,NA,NA,NA,NA,NA,"I have been working up at Snoqualmie Pass all day the past couple days and haven't interacted with any technology. I will make some extra entries to make up for it in the next few days.",NA
"4/13/2025 9:48:18","52a282701a15892730e7f826c74c0949","No",NA,NA,NA,NA,NA,NA,NA,"This is for day 2, sorry I couldn’t do the form yesterday night, so I am doing it now in the morning of day 3",NA
"4/13/2025 10:46:35","ad5203c3dffa671aa1b432bbcae965c8","Yes","Microsoft Office - Word","Disable Microsoft's opt-out AI training using user writing in Word.","The setting to opt-out/disable the AI training is hidden under several different settings windows, either two or three depending on which path you take to reach the privacy settings, and even then, it's not clearly labeled as ""Opt-out/disable permissions for AI training"" or something understandable. Instead, it's labeled as ""Optional connected experiences"", and finding out what that even means requires going through another portal to a ""Learn more"" page.","Hindering what I wanted to accomplish. Costing me more time and effort than desired. Ambiguity.",3,"No","Obstruction (Price comparison prevention, Roadblocks to cancellation, Immortal accounts), Sneaking or Information Hiding (Sneak-into-Basket, Hidden Information, Hidden Costs, Drip Pricing, Hiddent Subscription or Forced Continuity, Intermediate Currency)","No.",NA
"4/13/2025 11:31:36","6d1dcfc2d156a7456434b55a937e76b9","No",NA,NA,NA,NA,NA,NA,NA,NA,NA
"4/13/2025 12:21:39","7f56650e38a07b0307aae53f55465586","Yes","https://www.pacsun.com/womens/tops/","I was just browsing the shop online for summer outfits.","A lot of the tops had ""selling fast"" on it, or even ""your favorite"" when I wasn't even logged into my account.","It did make me a little confused when saying ""your favorite"". I was wondering when I favorited the items.",2,"Yes","Scarcity (False low stock message, False high demand,), Urgency (Baseless countdown timer, False limited time message, False discount claims)",NA,NA
"4/13/2025 13:16:25","0d1b57fb4af743669e4533ea524b9bc3","No",NA,NA,NA,NA,NA,NA,NA,NA,NA
"4/13/2025 18:26:48","e084c1a6a1bf55da63003a87e0be9919","No",NA,NA,NA,NA,NA,NA,NA,NA,NA
"4/13/2025 19:39:37","06d3072d93fc75ea32a19bfe29a6e3ff","Unsure","turbo tax","file my taxes","it kept bringing me to a screen throughout the process that asked me to update my plan and it was hard to find the button that took me back to what i was trying to do","it hindered what i was trying to accomplish and cost me more time then needed",2,"No","Obstruction (Price comparison prevention, Roadblocks to cancellation, Immortal accounts), Asymmetric Choice (Trick questions, Confirm shaming, Preselection, Subverting privacy preferences)",NA,NA
"4/13/2025 20:29:03","6d1dcfc2d156a7456434b55a937e76b9","Yes","https://us.shein.com/","I was trying to purchase a few clothing items and check out with a discount I saw advertised on the homepage.","The homepage had a countdown timer claiming a sale was ending soon, but when I revisited hours later (and even the next day), the timer restarted.

The homepage had a countdown timer claiming a sale was ending soon, but when I revisited hours later, the timer restarted.","hours later (and even the next day), the timer restarted.

Yes, it cost me more time trying to figure out what discounts were real and if the return insurance was optional.",4,"No","Social Proof (False activity messages, Deceptive consumer testimonials, Deceptive celebrity endorsements, Parasocial relationship pressure), Scarcity (False low stock message, False high demand,), Urgency (Baseless countdown timer, False limited time message, False discount claims), Obstruction (Price comparison prevention, Roadblocks to cancellation, Immortal accounts), Sneaking or Information Hiding (Sneak-into-Basket, Hidden Information, Hidden Costs, Drip Pricing, Hiddent Subscription or Forced Continuity, Intermediate Currency), Interface Interference (Misdirection, False hierarchy or pressured upselling, Disguised ads,  Bait and swtich), Asymmetric Choice (Trick questions, Confirm shaming, Preselection, Subverting privacy preferences)",NA,NA
"4/13/2025 21:05:01","19fc85fa33a55276017f141140af6290","Unsure","Express Scripts https://www.express-scripts.com/frontend/consumer/#/","Look at an order that should have just been scheduled","The information is wildly different between the app and the website, the app says it's still waiting for a refill and says nothing about an estimated delivery date, while the website says that it should be delivered on the 23rd and gives me an order number. The app also lists the costs as ""$N/A"", which could either be because insurance is paying all of it, or it hasn't been processed, but it doesn't tell me which.","This makes me less confident that I have the correct information about a very important and expensive delivery.",2,"Yes","Sneaking or Information Hiding (Sneak-into-Basket, Hidden Information, Hidden Costs, Drip Pricing, Hiddent Subscription or Forced Continuity, Intermediate Currency)","There's a very high chance that, for whatever reason, the app hasn't updated. This wouldn't make any sense, since it should be an automated system, but the weekend could have something to do with it. If this is a glitch or unintentionally out of date, I'm not sure it would really be a dark pattern because it doesn't benefit them at all and isn't intentional.",NA
"4/13/2025 21:26:00","ebd6f1c3b996944dae36a1cb3d57d4f9","No",NA,NA,NA,NA,NA,NA,NA,NA,NA
"4/13/2025 22:09:49","51bc70a8f0bc3ceef47efb8c541aecf5","No",NA,NA,NA,NA,NA,NA,NA,NA,NA
"4/13/2025 22:31:00","8e092ec9b89b7103c2359d4abc744d1a","Yes","Sirius XM","Cancel my subscription","They raised my price to almost $40/month. I tried to cancel online but couldn't figure out how to. Then I called to cancel and got transferred to a couple different people who eventually lowered the price to $4/month for the next year if I didn't cancel and said it was a ""limited time offer"".","I have been doing this for at least the past 5 years now. Whenever I see that the subscription cost goes that high I call to cancel and get the same deal. I always take the deal and then forget about it for the next couple years. Then when I realize they hiked the prices, I'm not sure how long I have been paying the higher price.",2,"No","Urgency (Baseless countdown timer, False limited time message, False discount claims), Companies offering deals to keep customers from cancelling subscriptions because they are counting on the customers not noticing when they raise the price again.",NA,NA
"4/13/2025 22:31:59","7c28193f03a672189dda946626935b7f","No",NA,NA,NA,NA,NA,NA,NA,NA,NA
"4/13/2025 22:42:03","944adb58eba16be3107cc80dacfdf810","No",NA,NA,NA,NA,NA,NA,NA,NA,NA
"4/13/2025 23:04:55","e94283a9999414873bbe32414e2ea914","Yes","MSN news article: https://www.msn.com/en-us/money/careersandeducation/i-m-a-recruiter-who-was-headhunted-by-apple-here-s-how-i-optimized-my-linkedin-profile-for-maximum-visibility/ar-AA1BKXxM?ocid=msedgntp&pc=ASTS&cvid=757035f48f324f07bdfa1772ebb2ae0c&ei=12","I was just scrolling through the articles Microsoft Edge shows on the first tab, and I found an article that could help me in my internship hunt about optimizing LinkedIn profiles","The article was completely about the writer being recruited by Apple because of her LinkedIn, but she subtly notes that she was laid off half a year later. That made it seem like she knew everything there was to know about job hunting since she got recruited by Apple.","It just made me question if I should take this person's advice on optimizing profiles, but I would say the advice positively impacted me even if it was partially untrue.",1,"Yes","Sneaking or Information Hiding (Sneak-into-Basket, Hidden Information, Hidden Costs, Drip Pricing, Hiddent Subscription or Forced Continuity, Intermediate Currency)",NA,NA
"4/13/2025 23:31:09","5411b0bcb49f05550d4c934741480c17","No",NA,NA,NA,NA,NA,NA,NA,NA,NA
"4/14/2025 0:12:41","5012b3d9073da72ad6e4adf3216c2b62","Unsure","Target Circle","If customers are signed up for Target Circle, occasional pop-ups on the register would appear to ask if they want to add an offer, the common is “If you buy 2 consecutive purchases of $80 or more, you get $15 in Target Circle Rewards”","The catch is that the total applies BEFORE tax is added, and many customers think the total on their screen means they get the deal, but when the receipt goes through, nothing happened, so they demand an explanation","I don’t buy a lot often, but it can feel redundant to explain what the deal is and what’s the catch behind achieving the total amount",2,"No","Sneaking or Information Hiding (Sneak-into-Basket, Hidden Information, Hidden Costs, Drip Pricing, Hiddent Subscription or Forced Continuity, Intermediate Currency)",NA,NA
"4/14/2025 0:33:37","eebb41618d019775c4a84d577c6f74ab","No",NA,NA,NA,NA,NA,NA,NA,NA,NA
"4/14/2025 0:42:33","5e850c5b2164e8603dea6da18cfe6419","Yes","Offerup, samsung galaxy s20","get rid of a mini fridge for free","i have used OfferUp to buy and post things for sale or for free many many times in the past, it is typically extremely easy to get rid of stuff for cheap and especially for free. theyve had paid services for a long time now which basically gets your product to be seen more often and to a wider audience, but they claim that for the first day or something, us freemium users automatically have our listings shown on a premium level. i listed a fully functional and FREE mini fridge, and its a good size too! i have not gotten a single hit about it though, and i feel like theyre purposefully not showing free listings anymore to pressure people into paying for the service. its just night and day compared to what ive been used to with the service. even just listing things, ANYTHING! as 10% cheaper ALWAYS used to result in IMMEDIATE hits, mostly with counteroffers at the 10% cheaper level, and if i ever listed anything as free, i would always be overwhelmed with a flood of messages. now its pure radio silence.","made my distrust Offerup",2,"No","making listings from a free account significanstly less visible to pressure into paying for premium services",NA,NA
"4/14/2025 11:03:10","886a1f7d4ddf80bb83ed8dcd5bf2d771","Unsure","Udemy Website https://www.udemy.com/","I was checking prices for Udemy courses for a subscription plan.","Udemy heavily advertised a free trial (""Try it free"") without clearly showing how long the free trial is or when they would start billing me. Also, there was a countdown timer suggesting urgency to buy now.","It made me unsure whether I would be charged immediately or later. I had to search for more information before making a decision.",3,"Yes","Sneaking or Information Hiding (Sneak-into-Basket, Hidden Information, Hidden Costs, Drip Pricing, Hiddent Subscription or Forced Continuity, Intermediate Currency)",NA,NA
"4/14/2025 11:08:11","886a1f7d4ddf80bb83ed8dcd5bf2d771","Yes","ClassPass Website https://www.classpass.com/","I was trying to sign up for a 14 day free trial to book fitness classes.","The site advertised ""14 days free,"" but you only get 22 credits, and most classes cost way more. Some classes cost 50+ credits, so you can't actually take unlimited classes for 14 days. This limit was not clearly shown up front.","It made me feel misled about what I was signing up for. I had to search for more details about how many classes I could actually take. I lost trust in the free trial offer.",4,"Yes","Sneaking or Information Hiding (Sneak-into-Basket, Hidden Information, Hidden Costs, Drip Pricing, Hiddent Subscription or Forced Continuity, Intermediate Currency), Interface Interference (Misdirection, False hierarchy or pressured upselling, Disguised ads,  Bait and swtich)",NA,NA
"4/14/2025 11:10:32","2186fd860a968607fbd1b33bd5ffbc69","Yes","https://www.alexanderwang.com/us-en/?utm_source=google&utm_medium=cpc&utm_campaign=US%20-%20Brand%20-%20Alone%20-%20Exact&utm_term=alexanderwang&utm_content=Brand%20-%20Alone%20-%20Exact&tp=97228&utm_term=newarrivalslp&gad_source=1&gbraid=0AAAAAD1pKWroFTLcExujZRUJQZ-GonU5o&gclid=CjwKCAjw5PK_BhBBEiwAL7GTPRZeZXXxJbk_FjOzppqLbaHiaj31OFKqWVmqRkxhgYtJoTahk-Bw1xoC90sQAvD_BwE","I was browsing on the clothing brand website Alexander Wang and encountered an ""error not found"" when it clearly stated that the particular shirt was in stock.","I tried looking for the same piece in a different browser and it was available.","I was confused and lost some confidence in their website.",3,"No","Scarcity (False low stock message, False high demand,), said low stock, not that it's gone.",NA,NA
"4/14/2025 11:29:32","52a282701a15892730e7f826c74c0949","Yes","Temu","I was interested in wether it was really a legit shop or not","The prices were suspiciously low","I was curious if Temu was really as reliable as it seemed, so I began checking it out. Instead of a clear and honest experience, I found some design tricks that made me feel uneasy. The website used confusing layouts and buttons that seemed meant to push me into making decisions quickly—without giving me all the facts. This made me doubt whether Temu was being completely upfront or just trying to keep me from realizing potential issues. In short, encountering these patterns made me more cautious and led me to do extra research before deciding to trust the site.",3,"No","Social Proof (False activity messages, Deceptive consumer testimonials, Deceptive celebrity endorsements, Parasocial relationship pressure), Scarcity (False low stock message, False high demand,), Urgency (Baseless countdown timer, False limited time message, False discount claims), Sneaking or Information Hiding (Sneak-into-Basket, Hidden Information, Hidden Costs, Drip Pricing, Hiddent Subscription or Forced Continuity, Intermediate Currency), Interface Interference (Misdirection, False hierarchy or pressured upselling, Disguised ads,  Bait and swtich)","I am writing to tell that I am making this report for yesterday, I am really sorry about this, I was out of state and forgot to do it in time",NA
"4/14/2025 14:48:30","6d1dcfc2d156a7456434b55a937e76b9","No",NA,NA,NA,NA,NA,NA,NA,NA,NA
"4/14/2025 15:43:28","e94283a9999414873bbe32414e2ea914","Yes","LinkedIn Job Post: https://www.linkedin.com/jobs/view/4208418452","I was looking for summer internship opportunities when I found a posting listed a couple hours ago that I clicked on.","The post said it was remote in the United States, but the actual title of the post said it was actually onsite in another state.","It hindered my goal of applying to this internship because I don't want to go to Minnesota for an internship.",2,"Yes","Sneaking or Information Hiding (Sneak-into-Basket, Hidden Information, Hidden Costs, Drip Pricing, Hiddent Subscription or Forced Continuity, Intermediate Currency)",NA,NA
"4/14/2025 15:55:29","befad6e39f482a29a13ac3d84f1be8de","No","N/A","N/A","bruh really.","N/A",1,"No",NA,"Nope",NA
"4/14/2025 15:56:51","befad6e39f482a29a13ac3d84f1be8de","No",NA,NA,NA,NA,NA,NA,NA,NA,NA
"4/14/2025 15:57:14","befad6e39f482a29a13ac3d84f1be8de","No",NA,NA,NA,NA,NA,NA,NA,NA,NA
"4/14/2025 15:57:31","befad6e39f482a29a13ac3d84f1be8de","No",NA,NA,NA,NA,NA,NA,NA,NA,NA
"4/14/2025 15:57:45","befad6e39f482a29a13ac3d84f1be8de","No",NA,NA,NA,NA,NA,NA,NA,NA,NA
"4/14/2025 16:01:25","fab0fd443492790d8040a1561d694f15","Yes","youngla.com","Buy gym shirts from the website","Had a ""low stock - only 13 shirts remaining"" under the price, probably to incentivize user buying quick and have a sense of urgency.","Nah, it didn't affect me at all.",2,"No","Scarcity (False low stock message, False high demand,), Urgency (Baseless countdown timer, False limited time message, False discount claims)","nah",NA
"4/14/2025 16:17:19","e084c1a6a1bf55da63003a87e0be9919","Yes","Hulu – https://www.hulu.com","I was trying to cancel my Hulu subscription.","They gave me five different pages to go through, asking “Are you sure?”, offering multiple deals, and making it confusing to find the final cancel button.","Yes, it wasted my time and made me question whether I had actually canceled it. I even reopened the page to double-check it was gone.",4,"No","Obstruction (Price comparison prevention, Roadblocks to cancellation, Immortal accounts), Interface Interference (Misdirection, False hierarchy or pressured upselling, Disguised ads,  Bait and swtich), Coerced Action (Unauthorized transactions, Auto-play, Nagging, Forced registration or enrollment, Pay-to-play or grinding, Friend Spam, Social pyramid schemes, and Address Book Leeching)",NA,NA
"4/14/2025 16:20:51","4d3cbbce081d1040b28c38a6a24842aa","Yes","Safeway","I was attempting to buy some mustard and was checking the prices.","On a sign below the mustard, it was priced at $1.99 (displayed in a large font), which I thought was reasonable. However, upon closer examination, I found a much smaller font that showed that the non-member price was actually $2.39.","Fortunately, it did not cost me anything, as I was already a member, but I could see it tricking someone else into buying the product.",3,"Yes","Sneaking or Information Hiding (Sneak-into-Basket, Hidden Information, Hidden Costs, Drip Pricing, Hiddent Subscription or Forced Continuity, Intermediate Currency)",NA,NA
"4/14/2025 16:21:41","4d3cbbce081d1040b28c38a6a24842aa","No",NA,NA,NA,NA,NA,NA,NA,"I forgot to submit a form yesterday (Sunday). I did not encounter any dark patterns yesterday.",NA
"4/14/2025 21:17:29","ebd6f1c3b996944dae36a1cb3d57d4f9","Unsure","Pacsun.com","Looking at clothing to buy","The page includes red text showing 500 views in the past 24 hours","Not really",2,"No","Scarcity (False low stock message, False high demand,), Urgency (Baseless countdown timer, False limited time message, False discount claims)",NA,NA
"4/14/2025 21:19:11","eebb41618d019775c4a84d577c6f74ab","No",NA,NA,NA,NA,NA,NA,NA,NA,NA
"4/14/2025 22:01:27","19fc85fa33a55276017f141140af6290","Yes","TikTok Mobile App","Open my phone home screen, and eventually open the app","The app showed that I had three notifications, upon opening the app it actually only had one thing to notify me of. I know for a fact that it will slowly increase the number of ""unread notifications"" (it doesn't actually send a notification) despite not having anything new to notify users of.","Untruthfully made me think something had happened",2,"Yes","Social Proof (False activity messages, Deceptive consumer testimonials, Deceptive celebrity endorsements, Parasocial relationship pressure), Interface Interference (Misdirection, False hierarchy or pressured upselling, Disguised ads,  Bait and swtich)","I forgot to screenshot my phone home screen, I will try to get a screenshot again, but I have a screenshot of the app with one (not three) notification",NA
"4/14/2025 22:04:32","4d56a052dd9ec2545fba57307a85f15b","No",NA,NA,NA,NA,NA,NA,NA,NA,NA
"4/14/2025 22:34:57","51bc70a8f0bc3ceef47efb8c541aecf5","No",NA,NA,NA,NA,NA,NA,NA,NA,NA
"4/14/2025 22:45:37","0d1b57fb4af743669e4533ea524b9bc3","Yes","https://www.escapefromtarkov.com/preorder-page/","i was trying to buy a game.","Page look normal","Yes, it made me unsure whether the purchase went through properly. Even though the page looked normal, I didn’t get a confirmation or clear feedback, which made me feel frustrated and unsure if I should try again. It ended up costing me extra time trying to double-check things.",3,"Yes","Scarcity (False low stock message, False high demand,), Urgency (Baseless countdown timer, False limited time message, False discount claims), Interface Interference (Misdirection, False hierarchy or pressured upselling, Disguised ads,  Bait and swtich)","no",NA
"4/14/2025 22:49:21","944adb58eba16be3107cc80dacfdf810","No",NA,NA,NA,NA,NA,NA,NA,NA,NA
"4/14/2025 23:01:39","5411b0bcb49f05550d4c934741480c17","Yes","True Religion 
truereligion.com","Checking phone notifications on marketing texts.","They are always having sales and sending multiple texts a day about sales ending or items running low. They also know what items I have been looking at specifically and sends a message referencing that hoodie. They track my activity to increase pressure.","The pattern doesn't bother me too much because I am aware of how their marketing works, so I don't really fall for the pressure. However, the constant notifications got annoying so I had to mute it. I still check the notifications here and there to check up on deals to see if there's anything worth not missing, but most times I ignore the notifications and don't feel affected.",2,"Yes","Social Proof (False activity messages, Deceptive consumer testimonials, Deceptive celebrity endorsements, Parasocial relationship pressure), Scarcity (False low stock message, False high demand,), Urgency (Baseless countdown timer, False limited time message, False discount claims), Coerced Action (Unauthorized transactions, Auto-play, Nagging, Forced registration or enrollment, Pay-to-play or grinding, Friend Spam, Social pyramid schemes, and Address Book Leeching)","The friendly urgent reminders are meant to seem friendly and helpful, but it's a persuasive/manipulative design that creates pressure and kind of pushes impulse purchases.",NA
"4/14/2025 23:05:50","7c28193f03a672189dda946626935b7f","No",NA,NA,NA,NA,NA,NA,NA,NA,NA
"4/14/2025 23:31:20","7f56650e38a07b0307aae53f55465586","No",NA,NA,NA,NA,NA,NA,NA,NA,NA
"4/14/2025 23:32:49","06d3072d93fc75ea32a19bfe29a6e3ff","Yes","TikTok","I was just scrolling through tiktok","I kept seeing really misleading ads for TikTok shop","Tricked me in to investigating the TikTok shop product which I found out was a scam so wasted my time",3,"No","Social Proof (False activity messages, Deceptive consumer testimonials, Deceptive celebrity endorsements, Parasocial relationship pressure)",NA,NA
"4/14/2025 23:34:08","ed05e399d513e9979361fc70084ae303","Unsure","YouTube","Watch a YouTube video","YouTube reapplied the auto play feature without me doing it myself","Just made me a little frustrated",1,"No","Coerced Action (Unauthorized transactions, Auto-play, Nagging, Forced registration or enrollment, Pay-to-play or grinding, Friend Spam, Social pyramid schemes, and Address Book Leeching)",NA,NA
"4/14/2025 23:44:49","8e092ec9b89b7103c2359d4abc744d1a","No",NA,NA,NA,NA,NA,NA,NA,NA,NA
"4/14/2025 23:57:09","52a282701a15892730e7f826c74c0949","No",NA,NA,NA,NA,NA,NA,NA,NA,NA
"4/15/2025 9:00:46","5012b3d9073da72ad6e4adf3216c2b62","No",NA,NA,NA,NA,NA,NA,NA,NA,NA
"4/15/2025 12:39:54","d4d4ba48568c64d774ea47c70eafd796","Yes","https://www.amazon.com/","Buy a single item (a phone charger) without signing up for any subscriptions.","During checkout, Amazon automatically selected the Subscribe & Save option for recurring deliveries. The UI made this option look more prominent, while the One-Time Purchase was smaller and less visible. It felt like they were intentionally pushing me into a recurring charge.","Yes, it made me double-check that I wasn’t accidentally subscribing. It wasted time and created unnecessary friction. If I wasn’t careful, I would’ve unknowingly signed up for something I didn’t want. This kind of manipulation breaks trust.",3,"No","Sneaking or Information Hiding (Sneak-into-Basket, Hidden Information, Hidden Costs, Drip Pricing, Hiddent Subscription or Forced Continuity, Intermediate Currency), Interface Interference (Misdirection, False hierarchy or pressured upselling, Disguised ads,  Bait and swtich), Asymmetric Choice (Trick questions, Confirm shaming, Preselection, Subverting privacy preferences)",NA,NA
"4/15/2025 12:50:33","5e850c5b2164e8603dea6da18cfe6419","Yes","hulu, chromecast","watch shows ad-free","april 14th, 2025: i pay extra to be able to watch hulu ad free. i started this subscription ad-on many months ago. slowly but surely they started throwing ads into the shows i watch on there, at first there was an explanation, something about how certain types of shows didnt qualify. now i have tons of ads sprinkled into every single show i watch, and im still paying for ad-free.","im frustrated because im paying money for absolutely nothing at this point, and the only reasons why i havent removed the subscription add-on is because im afraid that i will be bombarded with way more ads.",3,"No","Sneaking or Information Hiding (Sneak-into-Basket, Hidden Information, Hidden Costs, Drip Pricing, Hiddent Subscription or Forced Continuity, Intermediate Currency)",NA,NA
"4/15/2025 13:15:19","6d1dcfc2d156a7456434b55a937e76b9","No",NA,NA,NA,NA,NA,NA,NA,NA,NA
"4/15/2025 14:13:40","e94283a9999414873bbe32414e2ea914","Yes","LinkedIn: https://www.linkedin.com/","I was looking for internships like always when I noticed a part of the LinkedIn sidebar had an interesting offer.","I didn't fully notice it until now, but LinkedIn always has a part of the sidebar on the right that says ""Yaried, unlock your full potential with LinkedIn Premium."" It sounded like my profile wasn't good already.","It made me less confident in my LinkedIn profile because I don't currently use LinkedIn Premium, so their wording made it seem like I wasn't doing the best I could on my internship hunt.",3,"Yes","Coerced Action (Unauthorized transactions, Auto-play, Nagging, Forced registration or enrollment, Pay-to-play or grinding, Friend Spam, Social pyramid schemes, and Address Book Leeching)",NA,NA
"4/15/2025 14:19:58","4d56a052dd9ec2545fba57307a85f15b","Unsure","Email","going through my emails","A person keeps sending me emails saying I have received  money and to click on the link, multiple times over random stuff","If I clicked on the link it could potentially harm me in some way",3,"Yes","Interface Interference (Misdirection, False hierarchy or pressured upselling, Disguised ads,  Bait and swtich)",NA,NA
"4/15/2025 15:00:02","8ac75bb8c8c00ac1d2fcdd84fb6c13d8","No","Geometry Dash Game","There was an ad where it required me to play the game in order to close the game.","It allowed me to play the game, but in the end, when the game was over, the “Buy Game” button would suddenly appear and would require me to click it","It made me have less trust in Iphone games that pop up ads with other games on it. Made me not what to play anymore",2,"No","Interface Interference (Misdirection, False hierarchy or pressured upselling, Disguised ads,  Bait and swtich), Asymmetric Choice (Trick questions, Confirm shaming, Preselection, Subverting privacy preferences)",NA,NA
"4/15/2025 15:27:57","e084c1a6a1bf55da63003a87e0be9919","Unsure","Temu – https://www.temu.com","I was browsing for deals on tech accessories.","Every product I clicked had a different price than what was shown on the homepage. Also, a spin-the-wheel game popped up and wouldn't let me close it easily.","Yes, it made it confusing to tell what the real price was. I spent more time than expected just navigating the app and closing the popups.",2,"No","Sneaking or Information Hiding (Sneak-into-Basket, Hidden Information, Hidden Costs, Drip Pricing, Hiddent Subscription or Forced Continuity, Intermediate Currency), Interface Interference (Misdirection, False hierarchy or pressured upselling, Disguised ads,  Bait and swtich), Coerced Action (Unauthorized transactions, Auto-play, Nagging, Forced registration or enrollment, Pay-to-play or grinding, Friend Spam, Social pyramid schemes, and Address Book Leeching)",NA,NA
"4/15/2025 17:05:53","fab0fd443492790d8040a1561d694f15","Yes","It was an email I was trying to unsubscribe from","Trying to unsubscribe from an email list I don’t even remember signing up for","Super hard to cancel, the unsubscribe button was almost transparent","It was just a pain in the butt to get off the list",4,"No","Sneaking or Information Hiding (Sneak-into-Basket, Hidden Information, Hidden Costs, Drip Pricing, Hiddent Subscription or Forced Continuity, Intermediate Currency), Coerced Action (Unauthorized transactions, Auto-play, Nagging, Forced registration or enrollment, Pay-to-play or grinding, Friend Spam, Social pyramid schemes, and Address Book Leeching)",NA,NA
"4/15/2025 17:06:00","8ac75bb8c8c00ac1d2fcdd84fb6c13d8","No",NA,NA,NA,NA,NA,NA,NA,NA,NA
"4/15/2025 18:27:56","eebb41618d019775c4a84d577c6f74ab","No",NA,NA,NA,NA,NA,NA,NA,NA,NA
"4/15/2025 19:57:34","06d3072d93fc75ea32a19bfe29a6e3ff","Yes","sub way surfers (game)","I was trying to simply play the game and take a break from HW","I saw an ad and it said to click the screen to play which i assumed meant to try the game out in the ad but when i clicked the screen it took me to the app store.","cost me time and effort that I didn't need to put in. I was tricked in to going to the app store and viewing the games details",2,"No","Interface Interference (Misdirection, False hierarchy or pressured upselling, Disguised ads,  Bait and swtich)",NA,NA
"4/15/2025 20:01:34","06d3072d93fc75ea32a19bfe29a6e3ff","Yes","app.xtensio.com, Xtensio","find a customer persona template to use for an assignment in my CSS 370 class","It asked me to create a free account with my email and I figured out later in the day that it automatically subscribed me to their website because I started getting a lot of emails.","hindered what i wanted to accomplish made me complete unnecessary steps to find a template. Also costed me time because I had to go back and unsubscribe which was a long process on its own",3,"No","Obstruction (Price comparison prevention, Roadblocks to cancellation, Immortal accounts), Sneaking or Information Hiding (Sneak-into-Basket, Hidden Information, Hidden Costs, Drip Pricing, Hiddent Subscription or Forced Continuity, Intermediate Currency)",NA,NA
"4/15/2025 20:06:30","52a282701a15892730e7f826c74c0949","No",NA,NA,NA,NA,NA,NA,NA,NA,NA
"4/15/2025 20:08:29","19fc85fa33a55276017f141140af6290","Unsure","Ebook Central https://ebookcentral.proquest.com/lib/washington/detail.action?docID=1584420&pq-origsite=primo","Read a chapter out of a textbook","The page lists a number of pages left for ""copy"". I assume this means copying pages, but it could easily be read as pages of your digital copy you can read, or pages you can copy parts off of.","It makes me concerned and confused",2,"Yes","Scarcity (False low stock message, False high demand,)","This is really dependent on knowing that some libraries have made up ""copies"" of digital books, if someone doesn't jump to that conclusion then they wouldn't have a reason to be concerned, and I'm not sure this is at all intentional.",NA
"4/15/2025 21:06:53","0d1b57fb4af743669e4533ea524b9bc3","Yes","cleat.elite.shop","Buying soccer cleats","The products are extremely cheap","The website giving false information to viewers",4,"No","Scarcity (False low stock message, False high demand,), Interface Interference (Misdirection, False hierarchy or pressured upselling, Disguised ads,  Bait and swtich), Coerced Action (Unauthorized transactions, Auto-play, Nagging, Forced registration or enrollment, Pay-to-play or grinding, Friend Spam, Social pyramid schemes, and Address Book Leeching)","no",NA
"4/15/2025 21:28:47","fd344cb6f8fd8312c70be8ada8e94b1c","Unsure","BoxLunch.com (https://www.boxlunch.com/product/arcane-jinx-baseball-jersey---boxlunch-exclusive/32467637.html)","Keeping tabs on an item that is on presale but hasn't been released yet.","Dialogue boxes along in the bottom edge of the product pictures, giving dialogue such as ""Viewed 46 times since your last visit 1 day ago"" and ""Selling fast! Last sold 30 minutes ago"".","(Potentially?) False sense of urgency, desirability",2,"Yes","Scarcity (False low stock message, False high demand,)",NA,NA
"4/15/2025 21:32:04","fd344cb6f8fd8312c70be8ada8e94b1c","Yes","Ticketmaster (ticketmaster.com)","Purchase tickets for a show","GA tickets are listed at $55, but additional fees bring up the cost of tickets by almost $25 each.","More money than anticipated",4,"Yes","Obstruction (Price comparison prevention, Roadblocks to cancellation, Immortal accounts), Sneaking or Information Hiding (Sneak-into-Basket, Hidden Information, Hidden Costs, Drip Pricing, Hiddent Subscription or Forced Continuity, Intermediate Currency)",NA,NA
"4/15/2025 21:32:24","fd344cb6f8fd8312c70be8ada8e94b1c","No",NA,NA,NA,NA,NA,NA,NA,NA,NA
"4/15/2025 21:32:33","fd344cb6f8fd8312c70be8ada8e94b1c","No",NA,NA,NA,NA,NA,NA,NA,NA,NA
"4/15/2025 21:32:40","fd344cb6f8fd8312c70be8ada8e94b1c","No",NA,NA,NA,NA,NA,NA,NA,NA,NA
"4/15/2025 21:48:39","51bc70a8f0bc3ceef47efb8c541aecf5","No",NA,NA,NA,NA,NA,NA,NA,NA,NA
"4/15/2025 22:14:56","7c28193f03a672189dda946626935b7f","No",NA,NA,NA,NA,NA,NA,NA,NA,NA
"4/15/2025 22:40:52","4d56a052dd9ec2545fba57307a85f15b","Unsure","email","checking my email","a random person keeps emailing me about money and to click on a link","It potentially could have",3,"Yes","Coerced Action (Unauthorized transactions, Auto-play, Nagging, Forced registration or enrollment, Pay-to-play or grinding, Friend Spam, Social pyramid schemes, and Address Book Leeching)",NA,NA
"4/15/2025 22:44:14","7f56650e38a07b0307aae53f55465586","Unsure","https://www.pacsun.com/","I was trying to use the search bar to search for a clothing item","There's just a bunch of links you click on under the search with different ""limited time"" sales, like 50% off or $19 and up or %70 off markdowns, etc.","I think it hindered what I wanted to accomplish and sidetracked me; I appreciate a good sale, but they've had these sales up for quite a while, it doesn't really seem limited time or that urgent.",2,"Yes","Scarcity (False low stock message, False high demand,), Interface Interference (Misdirection, False hierarchy or pressured upselling, Disguised ads,  Bait and swtich)",NA,NA
"4/15/2025 22:44:42","ad5203c3dffa671aa1b432bbcae965c8","No","N/A","N/A","N/A","N/A",NA,"No",NA,"N/A",NA
"4/15/2025 22:49:55","5411b0bcb49f05550d4c934741480c17","Yes","Amazon
amazon.com","Browsing deals on Amazon","A HP 2025 laptop sold by a third party seller listed the laptop as being 70 percent off and 91% claimed. The original price was $2599.99.","Not really because I know how these sale tactics work. Plus I was just browsing for fun. However, I did notice how they were creating urgency with the countdown and 91% claimed already.",3,"Yes","Scarcity (False low stock message, False high demand,), Urgency (Baseless countdown timer, False limited time message, False discount claims), Sneaking or Information Hiding (Sneak-into-Basket, Hidden Information, Hidden Costs, Drip Pricing, Hiddent Subscription or Forced Continuity, Intermediate Currency), Interface Interference (Misdirection, False hierarchy or pressured upselling, Disguised ads,  Bait and swtich)","The laptop could be a decent deal, but the way it is marketed feels manipulative. It would have been better with more honest pricing.",NA
"4/15/2025 22:55:03","944adb58eba16be3107cc80dacfdf810","No",NA,NA,NA,NA,NA,NA,NA,NA,NA
"4/15/2025 23:02:42","2186fd860a968607fbd1b33bd5ffbc69","No",NA,NA,NA,NA,NA,NA,NA,NA,NA
"4/15/2025 23:08:36","4d3cbbce081d1040b28c38a6a24842aa","Yes","Clash of Clans","Looking at an event that is going on in the game.","In the event, you need to collect a certain amount of gold to gain rewards. However, while the rewards are evenly placed upon the progress bar, the amount of gold needed to get from each reward was considerably larger than what would be implied with the distance between the rewards. For example, it starts from 15 million to 50 million gold, while at the end of the bar, it goes from 500 million to 1.6 billion, which is an astronomical increase.","It didn't impact me all that much in the end besides making me think the event would be easier to complete. I presume that it may manipulate people into spending more time into completing the event as they may think it is not too difficult to complete.",2,"Yes","Interface Interference (Misdirection, False hierarchy or pressured upselling, Disguised ads,  Bait and swtich)",NA,NA
"4/15/2025 23:49:12","ebd6f1c3b996944dae36a1cb3d57d4f9","No",NA,NA,NA,NA,NA,NA,NA,NA,NA
"4/15/2025 23:53:43","ed05e399d513e9979361fc70084ae303","No",NA,NA,NA,NA,NA,NA,NA,"I am beginning to realize that I don't go very far from what's comfortable in terms of websites. I'm certain I've seen most of these things, but I can't remember the last time for some, and for others I certainly didn't notice them during this five day period.",NA
"4/16/2025 0:11:06","8e092ec9b89b7103c2359d4abc744d1a","No",NA,NA,NA,NA,NA,NA,NA,NA,NA
"4/16/2025 2:45:07","5e850c5b2164e8603dea6da18cfe6419","No",NA,NA,NA,NA,1,"No","none","i had a couple classes and stayed nearly zero tech for the rest of the time, just worked on homework, distraction free, then cooked and enjoyed some relaxing free time. zero issues",NA
"10/9/2025 16:53:20","e0f08d408d7d4bb088c980a9e857b3b4","Unsure","Grammarly: https://www.grammarly.com/plans","Using Grammarly when the plans option popped up.","The paid plan (pro option) showed 12 USD crossed off and saying try for free with a $0.00 green button. Once you click to proceed, it shows three billing options all saying $0.00, indicating that the membership is free. If you continue with one of the ""free billing options"" it brings you to a payment page still saying $0.00 USD but if you look closely in small gray font there is the actually yearly billing that says $144.00/year charged after 7-day trial.","This design encounter did not affect or impact me in any way, although it was interesting to spot.",2,"Yes","Sneaking or Information Hiding (Sneak-into-Basket, Hidden Information, Hidden Costs, Drip Pricing, Hiddent Subscription or Forced Continuity, Intermediate Currency)",NA,NA
"10/9/2025 17:13:54","467ae9fe05d0e559dd0aff100fd72d6a","Yes","Xfinity - https://www.xfinity.com/, home internet","Consistenly the wifi drops, trying to get a technician to come to my house to fix the issue","The Xfinity helpline number was not available in the app, forcing you to go through an AI assistant that loops forever, and only getting a real person after saying “human assistant” a bunch of times which takes a long time. It looks like they’re intentionally making it hard to reach real help.","hindering what you wanted to accomplish and costing you more time, money, or effort than anticipated/desired; ; 
It was a problem because my Wi-Fi wasn’t working, and I couldn’t get any real help to fix it. I needed to talk to a human, but the app just kept looping me through an AI assistant with no clear way to reach someone. Since I rely on the internet to do my work, being stuck like that wasted my time. The whole setup felt intentionally confusing, just when I needed a solution the most. Such situations should have immediate technician response like I have experienced in other countries and should be a hassle.",5,"Yes","Sneaking or Information Hiding (Sneak-into-Basket, Hidden Information, Hidden Costs, Drip Pricing, Hiddent Subscription or Forced Continuity, Intermediate Currency)",NA,NA
"10/9/2025 17:34:01","8c3cdf43f295ed0a004b3087beaf95f4","Yes","etsy https://www.etsy.com/listing/4381179019/the-purge-inspired-halloween-costume-set?ls=s&ga_order=most_relevant&ga_search_type=all&ga_view_type=gallery&ga_search_query=halloween+costume&ref=sr_gallery-1-13&sr_prefetch=1&frs=1&cns=1&nob=1&content_source=8ccbc058-9ad8-4ceb-a027-90d50779c8c7%253ALT3a0fa6317f4eb43d3f5d39333e1bc5dc5b651a5d&organic_search_click=1&logging_key=8ccbc058-9ad8-4ceb-a027-90d50779c8c7%3ALT3a0fa6317f4eb43d3f5d39333e1bc5dc5b651a5d","Looking for a Halloween costume","It states the amount in stock which seems normal but it states how many people have it in their carts which i think is inflated as it the same amount in stock & demand for each size.","Forcing me to decided soon if I want this costume or not.",2,"Yes","Scarcity (False low stock message, False high demand,)",NA,NA
"10/9/2025 17:56:35","69e2223dc51512c52c47a46341b7de46","Unsure","https://www.telecomdatasettlement.com/","Check if I am applicable for this class action lawsuit","It asked for my account number(which was a little suss, but makes sense) and then it asked for my address. It also didn't provide many details about how and why I needed to provide it.","Possible consequences could be that people might have access to my information, but since it's a class action lawsuit about data theft it's unlikely to be insecure.",2,"No","Sneaking or Information Hiding (Sneak-into-Basket, Hidden Information, Hidden Costs, Drip Pricing, Hiddent Subscription or Forced Continuity, Intermediate Currency), Coerced Action (Unauthorized transactions, Auto-play, Nagging, Forced registration or enrollment, Pay-to-play or grinding, Friend Spam, Social pyramid schemes, and Address Book Leeching)",NA,NA
"10/9/2025 18:06:00","683a60cc0165f36fef330b711684c6ea","Yes","Clash Royale: https://supercell.com/en/games/clashroyale/","I was trying to check the daily shop to see if there were any free items or cards available.","The daily shop is placed below a bunch of in-app purchase offers that take up most of the screen. Every time I open the shop, I have to scroll past the large and colorful purchase buttons for bundles, chests, and season passes. The purchase buttons are big and close to where I tap to scroll, so it’s really easy to almost make an in app purchase by accident.","It made me frustrated because I almost spent money multiple times while just trying to check something free. I thought that this design felt intentional, like the game wants to trick players into buying something that they didn't mean to.",3,"Yes","Obstruction (Price comparison prevention, Roadblocks to cancellation, Immortal accounts), Interface Interference (Misdirection, False hierarchy or pressured upselling, Disguised ads,  Bait and swtich), Asymmetric Choice (Trick questions, Confirm shaming, Preselection, Subverting privacy preferences)",NA,NA
"10/9/2025 18:40:25","47131c03203bf4b9f5f145e6318be64d","No",NA,NA,NA,NA,NA,NA,NA,NA,NA
"10/9/2025 19:24:33","d9c244a50799c2ce2bce5a9bfe0c405b","No",NA,NA,NA,NA,NA,NA,NA,NA,NA
"10/9/2025 19:46:26","e6ed7a83336b2025ab74d4031c3015d4","Yes","Uber Eats","Trying to cancel Uber one","It was tricky to find a cancel subscription button","I eventually found it, but if I were not used to this kind of trick, I would not be able to cancel my subscription.",4,"No","Sneaking or Information Hiding (Sneak-into-Basket, Hidden Information, Hidden Costs, Drip Pricing, Hiddent Subscription or Forced Continuity, Intermediate Currency)",NA,NA
"10/9/2025 20:43:15","6ba5ec7485e6415cf8a4097ada167fb1","Unsure","Instagram app","Scrolling through my feed","I got an ad for a meal prep subscription on Instagram when I searched up meal prep recipes on TikTok","It feels that I was being sold a quick solution to something I was resolving myself.",2,"No","Interface Interference (Misdirection, False hierarchy or pressured upselling, Disguised ads,  Bait and swtich)",NA,NA
"10/9/2025 20:52:05","38d0ca46963e1407f692c82ff68a9324","No",NA,NA,NA,NA,NA,NA,NA,NA,NA
"10/9/2025 22:38:02","386231f923e6ceaa1a347b97895b39d2","No",NA,NA,NA,NA,NA,NA,NA,NA,NA
"10/9/2025 23:45:18","6a65a941606174037f462283a6d5c06e","Yes","Youtube, https://www.youtube.com/","Watch a video","Having to watch two ads, even though there no indication that there is a second ad when watching the first.","hindered me watching a video",1,"No","Interface Interference (Misdirection, False hierarchy or pressured upselling, Disguised ads,  Bait and swtich)",NA,NA
"10/9/2025 23:47:40","a0af765a42338ed0a2bddd7fc3cce3b2","Yes","Amazon online shopping ""https://www.amazon.com""","I was jut looking at my membership","I bought a membership for entire year via the auto renewal (I never signed up for it).","yeah, I was annoyed that my money got used without my knowledge (this happened 3 months ago)",3,"Yes","Coerced Action (Unauthorized transactions, Auto-play, Nagging, Forced registration or enrollment, Pay-to-play or grinding, Friend Spam, Social pyramid schemes, and Address Book Leeching)","no",NA
"10/10/2025 0:04:40","27f4668a0361277d8250029799587f07","Yes","ChatGPT
https://chatgpt.com/","I was trying to ask ChatGPT the names of some music terms that I could only describe in very vague detail that is ungoogleable, on my phone.","I wasn't logged in because I was on my phone and I haven't logged in on my phone, but the text box you have to tap to start typing is in the exact same spot as the log in button, which takes a second to appear. So I went to start typing, and the MOMENT I tapped the text box, the login popup appeared and I clicked on that accidentally instead, which took me to another page to log in or create an account. They want me to be logged in in order to more properly get data off me, and used UI placement to get me to a page where I might go ""well I'm already here, might as well log in/make an account""","It did the most unforgivable crime - rob me of about 3 seconds of my day. But it did add a slight amount of effort to using it, because after going back to the main page I needed to actively wait for the login popup to show up, hit the tiny close button on that, and then I could ask my question. It wasn't a major hurdle, but it was mildly annoying.",2,"Yes","Interface Interference (Misdirection, False hierarchy or pressured upselling, Disguised ads,  Bait and swtich)","Nope",NA
"10/10/2025 4:41:28","40f335b128e0fc3476d4429608cf257c","No",NA,NA,NA,NA,NA,NA,NA,NA,NA
"10/10/2025 9:25:57","f2789b303fa74b5dcc403c792abdaede","No",NA,NA,NA,NA,NA,NA,NA,"That was for Thursday.  I was not on a computer most of the day.",NA
"10/10/2025 16:03:59","df2b62dc9e09186bc62be51f0236457c","No",NA,NA,NA,NA,NA,NA,NA,"no incidents",NA
"10/10/2025 18:18:51","61e54b2e26b538082a063379d654c7a6","Yes","Musescore (https://musescore.com/dashboard)","I was looking for piano sheet music.","The banner at the top promoting a heavy discount sale. Although, every time I've been on the website there has been a heavy discount sale, so I think the website is repeatedly using a timed sale to make people rush to buy what they're selling.","It did not affect me in any way, but it made me curious about the sale, so maybe a slight cost of time.",2,"Yes","Urgency (Baseless countdown timer, False limited time message, False discount claims)","N/A",NA
"10/10/2025 19:07:41","467ae9fe05d0e559dd0aff100fd72d6a","Yes","Cinemark, https://www.cinemark.com/","Trying to use gift card balance remaining","It would not show me my gift card on the cinemark desktop version, like qr code or the card number; It forced me to download their app in order for me to look at the qr code and card number or to use it in person","hindering what you wanted to accomplish and costing you more time, money, or effort than anticipated/desired;",2,"No","Sneaking or Information Hiding (Sneak-into-Basket, Hidden Information, Hidden Costs, Drip Pricing, Hiddent Subscription or Forced Continuity, Intermediate Currency)",NA,NA
"10/10/2025 19:13:51","6ba5ec7485e6415cf8a4097ada167fb1","Yes","Tiktok app","Scrolling through For You page","There were creators that were selling a certain vitamin that has been flooding my  For You page and there was a small message under the caption that said “Creator earns commission”","It stopped me from scrolling further on the For You page because everything seems heavily monetized and it’s hard to trust that people are being genuine about the effects of a vitamin.",2,"Yes","Social Proof (False activity messages, Deceptive consumer testimonials, Deceptive celebrity endorsements, Parasocial relationship pressure)",NA,NA
"10/10/2025 20:15:03","f2789b303fa74b5dcc403c792abdaede","No",NA,NA,NA,NA,NA,NA,NA,NA,NA
"10/10/2025 20:34:56","d9c244a50799c2ce2bce5a9bfe0c405b","Yes","Name: Youtube (Title of Video: ""10 Things You SHOULD Be Buying at Costco in October 2025"")
Link: https://www.youtube.com/watch?v=YRC5z8JQUbE","I was watching Youtube videos and a video about the Top 10 things you should buy at Costco during October came up so I watched it.","The video almost felt like it was an ad and it made me question if the Youtuber was getting paid for promoting those items. In the video, the Youtuber even mentions that he doesn't even own some of the said items, so I questioned why it ""should be"" something we should buy if he doesn't even own it himself.","It made me skeptical of whether the Youtuber truly thought those items were good or if he was just saying it so that he could benefit from it.",2,"Yes","Social Proof (False activity messages, Deceptive consumer testimonials, Deceptive celebrity endorsements, Parasocial relationship pressure), Scarcity (False low stock message, False high demand,), Urgency (Baseless countdown timer, False limited time message, False discount claims), Interface Interference (Misdirection, False hierarchy or pressured upselling, Disguised ads,  Bait and swtich)",NA,NA
"10/10/2025 21:02:09","8c3cdf43f295ed0a004b3087beaf95f4","Yes","ticket master https://www.ticketmaster.com/doja-cat-tour-ma-vie-world-seattle-washington-10-15-2026/event/0F00633ADD435829","Buying a ticket for the doja cat tour","Hidden fee (club fee) and the highly recommended ticket Insurance","costing me an extra 60 making me unsure if I want to continue",3,"Yes","Sneaking or Information Hiding (Sneak-into-Basket, Hidden Information, Hidden Costs, Drip Pricing, Hiddent Subscription or Forced Continuity, Intermediate Currency)",NA,NA
"10/10/2025 21:39:57","67f05cd9c0c6e92fed6457613db459c1","No",NA,NA,NA,NA,NA,NA,NA,"I did not experience anything today",NA
"10/10/2025 22:32:20","e0f08d408d7d4bb088c980a9e857b3b4","No",NA,NA,NA,NA,NA,NA,NA,NA,NA
"10/10/2025 23:05:11","683a60cc0165f36fef330b711684c6ea","Yes",NA,NA,NA,NA,1,NA,NA,"I didn’t notice any dark patterns today but I’ll continue to pay attention to how apps and websites try to influence user behavior",NA
"10/10/2025 23:05:26","38d0ca46963e1407f692c82ff68a9324","No",NA,NA,NA,NA,NA,NA,NA,NA,NA
"10/10/2025 23:13:54","a0af765a42338ed0a2bddd7fc3cce3b2","Yes","Youtube ad, don't have have the exact url.","Watching a video.","The ads (political, product promotion, etc.) was obviously AI. Basically Ads were famous people (AI) talking about.","No, I could tell they were AI, but they are annoying to see.",2,"No","Social Proof (False activity messages, Deceptive consumer testimonials, Deceptive celebrity endorsements, Parasocial relationship pressure), Fake AI videos","No.",NA
"10/10/2025 23:23:00","386231f923e6ceaa1a347b97895b39d2","Unsure","Paypal","Check balance","App asked to set up credit","The experience hindered what I was trying to accomplish. I had to decline the offer twice before I could view my balance.",2,"Yes","Coerced Action (Unauthorized transactions, Auto-play, Nagging, Forced registration or enrollment, Pay-to-play or grinding, Friend Spam, Social pyramid schemes, and Address Book Leeching)",NA,NA
"10/10/2025 23:31:18","e6ed7a83336b2025ab74d4031c3015d4","No",NA,NA,NA,NA,NA,NA,NA,NA,NA
"10/11/2025 0:11:30","6a65a941606174037f462283a6d5c06e","No",NA,NA,NA,NA,NA,NA,NA,"Submission for 10/10/2025",NA
"10/11/2025 0:44:18","27f4668a0361277d8250029799587f07","Unsure","Not sure to the specific service, but at restaurants where they present you with the giant buttons to tip 18, 20, or 22 percent and no button for 0 percent, and a smaller less legible button for a custom amount.","Pay for my ramen after eating ramen at Kizuki.","The preset 18, 20, and 22 percent buttons are massive and high contrast, so one may assume that those are the only options. There's a smaller button that's lower contrast to tip a specific amount, and you may notice that, but it's not obvious that you can tip nothing at all if you just don't hit any of the buttons. But it's consistent whenever you go to a restaurant in Seattle, and it doesn't negatively impact you if you know you can just not tip. I tip anyway because I feel bad if I don't, I don't know how much of that is me or the fact that the tip buttons are massive and the person you're tipping is right there in front of you.","It didn't really negatively impact me, I probably would have tipped anyway. At worst it cost me $2, but that's it.",1,"No","Asymmetric Choice (Trick questions, Confirm shaming, Preselection, Subverting privacy preferences)",NA,NA
"10/11/2025 12:12:13","47131c03203bf4b9f5f145e6318be64d","Yes","Duolingo","I was trying to quit a lesson in the Duolingo app","When you are trying to quit the lesson, the ""keep learning"" button is placed on top and much bigger than the quit button which is small and under that button","This is hindering what I wanted to accomplish which was to quit the lesson and I have accidentally pressed on the ""keep Learning"" button before",3,"Yes","Obstruction (Price comparison prevention, Roadblocks to cancellation, Immortal accounts)","None",NA
"10/11/2025 13:47:04","01f9ed93019b8fb938b8575d5a6a6e19","No",NA,NA,NA,NA,NA,NA,NA,NA,NA
"10/11/2025 14:47:50","27f4668a0361277d8250029799587f07","Yes","OnlyFans
https://onlyfans.com/onlyfans","Subscribe for a month to someone who was having a massive sale this month ($3.75), but is normally quite expensive ($20)","When you subscribe, it automatically sets you up for auto-renewal, and it's not immediately clear how to disable that. You have to hit the ""unsubscribe"" button, which to a user may seem like you're cancelling what you already paid for, but in actuality it's how to set it so you aren't charged again in a month.","If I didn't know how to unsubscribe, I could be losing $20 per month without realizing it for potentially a long time, because I don't go on OnlyFans very often.",2,"No","Sneaking or Information Hiding (Sneak-into-Basket, Hidden Information, Hidden Costs, Drip Pricing, Hiddent Subscription or Forced Continuity, Intermediate Currency)",NA,NA
"10/11/2025 15:19:50","d9c244a50799c2ce2bce5a9bfe0c405b","Yes","Name: Instagram (Account name: gkikz)
Link: instagram.com","I was just scrolling through Instagram to watch reels","As I was scrolling through Instagram reels, an ad popped up about fur jackets from a company called GKIKZ. I read the description section and it said ""WARNING: Last Chance! Fur jackets flying off the shelves! 30% OFF + extra 15% with code ADS15 Limited sizes remaining... Will you get yours?"" After I saw that description, I immediately took a screenshot and knew it was a UX dark pattern. For fun, I clicked on the ""Shop now"" button on the ad to pretend to buy the jacket, and saw a clearance deal countdown under the ""Add to Cart"" button. When I added the jacket to my cart, a pop up saying ""Item in your cart is only reserved for 7:24 (countdown timer) due to limited stock!"". When I clicked checkout, the price which was originally in USD changed into EUR which I thought was confusing.","Not really because it was just a random ad about jackets which wasn't even my style so I wouldn't have bought it anyways. Since I was just mindlessly doomscrolling and am used to seeing ads, it didn't really impact or affect me.",1,"Yes","Social Proof (False activity messages, Deceptive consumer testimonials, Deceptive celebrity endorsements, Parasocial relationship pressure), Scarcity (False low stock message, False high demand,), Urgency (Baseless countdown timer, False limited time message, False discount claims), Sneaking or Information Hiding (Sneak-into-Basket, Hidden Information, Hidden Costs, Drip Pricing, Hiddent Subscription or Forced Continuity, Intermediate Currency), Interface Interference (Misdirection, False hierarchy or pressured upselling, Disguised ads,  Bait and swtich)",NA,NA
"10/11/2025 15:37:01","296a7728df811f93969e18c43fc1f54c","Yes","Princess Polly https://us.princesspolly.com/collections/new?src=rakuten&utm_source=rakuten&utm_campaign=pubShoplooks&ranMID=44648&ranEAID=3360653&ranSiteID=50rqOrVy53Q-FZrfxHEy6OkIOu6S2e0waQ&src=rakuten","Browse Clothes","Spin Wheel Discount Popup. Looks like you have the chance to win a range of discounts but I believe that every user receives the same discount. Then, to claim you must input your email.","Less certainty that I have mitigated undesirable consequences",2,"Yes","Social Proof (False activity messages, Deceptive consumer testimonials, Deceptive celebrity endorsements, Parasocial relationship pressure), Urgency (Baseless countdown timer, False limited time message, False discount claims)",NA,NA
"10/11/2025 15:38:02","43e219cc56be9917bc9480150ed515d5","Yes",NA,NA,NA,NA,NA,NA,NA,NA,NA
"10/11/2025 17:10:03","df2b62dc9e09186bc62be51f0236457c","No",NA,NA,NA,NA,NA,"No",NA,"Didn’t encounter any dark patterns",NA
"10/11/2025 17:38:31","40f335b128e0fc3476d4429608cf257c","Unsure","Youtube https://www.youtube.com/","Skip an ad","When I went to click the skip button, instead of doing what I expected and resuming my video, it instead popped up with another page for downloading the advertised app.","In the end this was a minor inconvenience, but it stalled what I wanted to accomplish and forced me to spend more time looking at the ad.",2,"No","Interface Interference (Misdirection, False hierarchy or pressured upselling, Disguised ads,  Bait and swtich), Coerced Action (Unauthorized transactions, Auto-play, Nagging, Forced registration or enrollment, Pay-to-play or grinding, Friend Spam, Social pyramid schemes, and Address Book Leeching)",NA,NA
"10/11/2025 20:03:14","cfb730a80571396d9c6be8bce6693322","No",NA,NA,NA,NA,NA,NA,NA,NA,NA
"10/11/2025 20:18:59","61e54b2e26b538082a063379d654c7a6","No",NA,NA,NA,NA,NA,NA,NA,NA,NA
"10/11/2025 20:53:47","2f4966e037a7cd8ec196cda71108d2ba","No",NA,NA,NA,NA,NA,NA,NA,NA,NA
"10/11/2025 21:21:17","386231f923e6ceaa1a347b97895b39d2","No",NA,NA,NA,NA,NA,NA,NA,NA,NA
"10/11/2025 21:36:18","f2789b303fa74b5dcc403c792abdaede","No",NA,NA,NA,NA,NA,NA,NA,NA,NA
"10/11/2025 22:02:20","e0f08d408d7d4bb088c980a9e857b3b4","No",NA,NA,NA,NA,1,NA,NA,NA,NA
"10/11/2025 22:02:41","3bed73ad2ab1ea1b286a0ce64635c19a","No",NA,NA,NA,NA,NA,NA,NA,NA,NA
"10/11/2025 22:41:50","6ba5ec7485e6415cf8a4097ada167fb1","No",NA,NA,NA,NA,1,"No",NA,NA,NA
"10/11/2025 22:55:25","a0af765a42338ed0a2bddd7fc3cce3b2","Yes","Amazon online-Amazon.com","Nothing just noticed on my back account that I have been spending couple of dollars on random purchase from Amazon.","I never bought anything from amazon but I was getting charged for something (Amazon video/music).","It was annoying, I had to disable to auto renew on something that I never used or signed up for,",4,"No","Coerced Action (Unauthorized transactions, Auto-play, Nagging, Forced registration or enrollment, Pay-to-play or grinding, Friend Spam, Social pyramid schemes, and Address Book Leeching)","No.",NA
"10/11/2025 23:03:10","38d0ca46963e1407f692c82ff68a9324","No",NA,NA,NA,NA,NA,NA,NA,NA,NA
"10/11/2025 23:03:56","38d0ca46963e1407f692c82ff68a9324","No",NA,NA,NA,NA,NA,NA,NA,NA,NA
"10/11/2025 23:49:35","6a65a941606174037f462283a6d5c06e","No",NA,NA,NA,NA,NA,NA,NA,NA,NA
"10/12/2025 2:17:20","9c1caa92f197937d91525f8622c08781","No",NA,NA,NA,NA,NA,NA,NA,NA,NA
"10/12/2025 4:45:49","df2b62dc9e09186bc62be51f0236457c","Yes","Duolingo","do my lesson","the Duolingo mascot uses parasocial relationship pressure to try to get me to buy the premium version","Not really",1,"Yes","Social Proof (False activity messages, Deceptive consumer testimonials, Deceptive celebrity endorsements, Parasocial relationship pressure)",NA,NA
"10/12/2025 5:45:38","467ae9fe05d0e559dd0aff100fd72d6a","No",NA,NA,NA,NA,NA,NA,NA,NA,NA
"10/12/2025 5:58:46","8c3cdf43f295ed0a004b3087beaf95f4","No",NA,NA,NA,NA,NA,NA,NA,"too busy with hw didn't do much outside of it",NA
"10/12/2025 11:47:57","e6496cd5adb0e142b2e97579add3f94b","No",NA,NA,NA,NA,1,"No",NA,"I didn't really run into anything that would affect me positively or negatively today.",NA
"10/12/2025 12:38:10","47131c03203bf4b9f5f145e6318be64d","No",NA,NA,NA,NA,NA,NA,NA,NA,NA
"10/12/2025 12:39:30","df2b62dc9e09186bc62be51f0236457c","Yes","Spotify Premium","cancel spotify premium and switch to apple music","no","hindering what I wanted to accomplish. The site kept asking for confirmation in multiple steps. It took 3 confirmation screens to reach the cancel button.",2,"No","Obstruction (Price comparison prevention, Roadblocks to cancellation, Immortal accounts)","no",NA
"10/12/2025 13:25:57","e0f08d408d7d4bb088c980a9e857b3b4","Unsure","https://www.xfinity.com/digital/offers/plan-builder","I was looking at what plans Xfinity offers","In the plan options, there was a recommended highlight on some of the plans, which can influence the users decision in thinking that the highlighted plan was the best/popular option when it could have just been a dark pattern strategy.","No",3,"Yes","Social Proof (False activity messages, Deceptive consumer testimonials, Deceptive celebrity endorsements, Parasocial relationship pressure), Interface Interference (Misdirection, False hierarchy or pressured upselling, Disguised ads,  Bait and swtich)",NA,NA
"10/12/2025 16:26:14","e6ed7a83336b2025ab74d4031c3015d4","Yes","Email Ad","Tried to unscribe the email ad","The unscribe button was hidden and hard to find","Hard to unsribe the ad",4,"Yes","Sneaking or Information Hiding (Sneak-into-Basket, Hidden Information, Hidden Costs, Drip Pricing, Hiddent Subscription or Forced Continuity, Intermediate Currency)",NA,NA
"10/12/2025 17:21:55","40f335b128e0fc3476d4429608cf257c","No",NA,NA,NA,NA,NA,NA,NA,NA,NA
"10/12/2025 18:26:18","2f4966e037a7cd8ec196cda71108d2ba","No",NA,NA,NA,NA,NA,NA,NA,NA,NA
"10/12/2025 19:46:42","cfb730a80571396d9c6be8bce6693322","No",NA,NA,NA,NA,NA,NA,NA,NA,NA
"10/12/2025 19:47:27","cfb730a80571396d9c6be8bce6693322","No",NA,NA,NA,NA,NA,NA,NA,NA,NA
"10/12/2025 19:47:43","cfb730a80571396d9c6be8bce6693322","No",NA,NA,NA,NA,NA,NA,NA,NA,NA
"10/12/2025 20:23:35","61e54b2e26b538082a063379d654c7a6","No",NA,NA,NA,NA,NA,NA,NA,NA,NA
"10/12/2025 20:28:34","467ae9fe05d0e559dd0aff100fd72d6a","No",NA,NA,NA,NA,NA,NA,NA,NA,NA
"10/12/2025 20:32:46","38d0ca46963e1407f692c82ff68a9324","Unsure","Hertz: hertz.com.tw","I tried to enter this website to see some car rental information","If I don't press any button (Accept or Decline), I can not continue to use the website, and there is no option to ""Ignore"" or ""Close"".","hindering what you wanted to accomplish;",2,"Yes","Coerced Action (Unauthorized transactions, Auto-play, Nagging, Forced registration or enrollment, Pay-to-play or grinding, Friend Spam, Social pyramid schemes, and Address Book Leeching)",NA,NA
"10/12/2025 20:47:28","683a60cc0165f36fef330b711684c6ea","Yes","Planet Fitness: https://www.planetfitness.com/gyms/lake-stevens-wa/offers?gclsrc=aw.ds&gad_source=1&gad_campaignid=22020271800&gbraid=0AAAAAoz7ayM4XdRjMK6Q4G2N4x_D-sfes&gclid=Cj0KCQjwo63HBhCKARIsAHOHV_UA1ZFNZISkBqRU6WxTASBlXEewFK3DRYOt80TH2MnZbhDaRTQfamMaAp1-EALw_wcB","I was trying to cancel my gym membership.","I found out I couldn’t cancel my membership online even though I signed up online. The website made it seem like I could manage everything from my account, but there was no option to cancel. It said I had to go to my home gym in person.","It was frustrating and took more time than I thought it would. I felt like they made it hard on purpose so people wouldn’t cancel their memberships.",4,"No","Obstruction (Price comparison prevention, Roadblocks to cancellation, Immortal accounts), Asymmetric Choice (Trick questions, Confirm shaming, Preselection, Subverting privacy preferences)",NA,NA
"10/12/2025 20:51:35","f2789b303fa74b5dcc403c792abdaede","No",NA,NA,NA,NA,NA,NA,NA,NA,NA
"10/12/2025 20:54:35","27f4668a0361277d8250029799587f07","No",NA,NA,NA,NA,NA,NA,NA,NA,NA
"10/12/2025 20:58:02","27f4668a0361277d8250029799587f07","Unsure","Youtube
https://www.youtube.com/","Watch a video","When an ad came on, you could manually skip the ad instead of watching the whole thing. This is presented as a good thing, but they still got you to watch an ad, and if you can't find the remote or something, then you have to watch the whole ad.","I usually watch youtube with an adblocker or on a hacked client on my phone, so I don't see ads generally, I was just watching youtube on my TV today because I was watching with a friend. This just makes me want to avoid watching youtube on a TV lol.",1,"No","Appealing to user laziness",NA,NA
"10/12/2025 21:16:54","d9c244a50799c2ce2bce5a9bfe0c405b","No",NA,NA,NA,NA,NA,NA,NA,NA,NA
"10/12/2025 22:24:16","386231f923e6ceaa1a347b97895b39d2","No",NA,NA,NA,NA,NA,NA,NA,NA,NA
"10/12/2025 22:41:31","3bed73ad2ab1ea1b286a0ce64635c19a","No",NA,NA,NA,NA,NA,NA,NA,NA,NA
"10/12/2025 22:57:46","6a65a941606174037f462283a6d5c06e","No",NA,NA,NA,NA,NA,NA,NA,NA,NA
"10/12/2025 22:58:04","6ba5ec7485e6415cf8a4097ada167fb1","No",NA,NA,NA,NA,1,NA,NA,NA,NA
"10/12/2025 23:12:28","d72586e0e68c8845ee5f5ccf4dcbbd67","No",NA,NA,NA,NA,NA,NA,NA,NA,NA
"10/12/2025 23:51:32","a0af765a42338ed0a2bddd7fc3cce3b2","No",NA,NA,NA,NA,NA,NA,NA,"No",NA
"10/13/2025 0:11:18","296a7728df811f93969e18c43fc1f54c","Unsure","Edikted https://edikted.com/","Tapping through stories on Instagram’s app","An ad appeared for 80% sitewide but for this particular store, they are on sale 99% of the time. Usually a baseline discount of 20-30%, then on holidays (Memorial, 4th of July) they will have an 80% deal and extending the sale an extra day longer than expected.","No since I didn’t buy from them.",2,"Yes","Urgency (Baseless countdown timer, False limited time message, False discount claims)",NA,NA
"10/13/2025 2:33:14","40f335b128e0fc3476d4429608cf257c","Yes","United Airlines booking United.com","book a flight","when choosing the cheapest option for flight, instead of letting my select it, it recommended me the higher tier whilst listing the perks. additionally, when scrolling down to choose the cheaper option anyways, I noticed that the button to select that was grey whilst the more expensive option was blue and highlighted.","It caused me to pause and become more indecisive on whether I wanted the cheaper option.",2,"Yes","Interface Interference (Misdirection, False hierarchy or pressured upselling, Disguised ads,  Bait and swtich), Asymmetric Choice (Trick questions, Confirm shaming, Preselection, Subverting privacy preferences)",NA,NA
"10/13/2025 4:31:33","b398a589b9bcb79ee166643d2b7f1e81","No",NA,NA,NA,NA,NA,NA,NA,"Busy with hw didn’t use much outside of resources",NA
"10/13/2025 9:05:18","67f05cd9c0c6e92fed6457613db459c1","No",NA,NA,NA,NA,NA,NA,NA,"No interactions today",NA
"10/13/2025 9:32:46","db39ff5105a7fccfd7d12c832ae3aa48","No","N/A","N/A","n/A","N/A",NA,NA,NA,"N/A",NA
"10/13/2025 11:55:18","2b49e651947e0e07092fc3250d47b01c","Yes","Instagram","I opened the Mobile Legends app intending to play a quick match, but before reaching the main screen, I was immediately shown a large full-screen event advertisement called “Aspirants Reunite.” and alot more ads for new events and It promoted a 50% off limited-time draw for new hero skins.","The pop-up used bright colors, countdown dates, and phrases like “Limited Time” and “50% OFF” to create a sense of urgency. It appeared right when the app launched, before I could access the regular menu or gameplay. This design made it seem like I had to participate immediately or I would miss out, even though similar “limited” events happen very often in the game.","It distracted me from what I actually wanted to do start a match. The event felt manipulative and slightly pressured me to spend diamonds I hadn’t planned to use. It also cost me time since I had to manually close the pop-up to proceed. Psychologically, it made me feel like I might miss a deal if I ignored it, even though I knew it wasn’t really urgent.",3,"Yes","Scarcity (False low stock message, False high demand,), Urgency (Baseless countdown timer, False limited time message, False discount claims), Obstruction (Price comparison prevention, Roadblocks to cancellation, Immortal accounts), Interface Interference (Misdirection, False hierarchy or pressured upselling, Disguised ads,  Bait and swtich), Coerced Action (Unauthorized transactions, Auto-play, Nagging, Forced registration or enrollment, Pay-to-play or grinding, Friend Spam, Social pyramid schemes, and Address Book Leeching)","I didn't know there is a form that i can submit each day but i document everything in Words so I'm going to submit all this was on the 10/10/2025",NA
"10/13/2025 12:02:38","2b49e651947e0e07092fc3250d47b01c","Yes","Instagram","I opened Instagram just to check a message from a friend, but before I even entered the app, I got a push notification that said something like, “you have follow suggestion you have 5 mutuals”","The notification was misleading, it wasn’t actually urgent or meaningful, but it was designed to make me open the app. It wasn’t about  direct messages, it was a general engagement prompt meant to trigger curiosity and(FOMO). Once I opened Instagram, there wasn’t anything important waiting for me.","Yes. It wasted my time because I checked the app expecting something personal or relevant, but it was just a tactic to get me to scroll. I’ve noticed this happens often, so it’s starting to reduce my trust in the notifications overall.",3,"Yes","Social Proof (False activity messages, Deceptive consumer testimonials, Deceptive celebrity endorsements, Parasocial relationship pressure), Interface Interference (Misdirection, False hierarchy or pressured upselling, Disguised ads,  Bait and swtich), Coerced Action (Unauthorized transactions, Auto-play, Nagging, Forced registration or enrollment, Pay-to-play or grinding, Friend Spam, Social pyramid schemes, and Address Book Leeching)","Like I said before I didn't know that I need to fill this form everyday but I did document it this was at 10/09/2025",NA
"10/13/2025 12:10:40","2b49e651947e0e07092fc3250d47b01c","Yes","TikTok, Instagram, YouTube","I opened TikTok just to watch one or two short videos during a short break. I wanted to relax for a few minutes before getting back my assignments.","After watching one clip it automaticaly scroll down to the next clip that matched my previous likes and watch history. The “For You” page continuously updated with clips that i like to keep me engage such as funny, dramatic, or trending. Without me having to click anything. There was no natural stopping point, and the app never prompted me to take a break or exit.","yes, I ended up watching alot longer then my break the algorithm kept showing videos I found personally engaging, which made it hard to stop. It wasted time I didn’t plan to spend and left me feeling a bit frustrated afterward because I realized I wasn’t fully in control",4,"No","Sneaking or Information Hiding (Sneak-into-Basket, Hidden Information, Hidden Costs, Drip Pricing, Hiddent Subscription or Forced Continuity, Intermediate Currency), Interface Interference (Misdirection, False hierarchy or pressured upselling, Disguised ads,  Bait and swtich), Coerced Action (Unauthorized transactions, Auto-play, Nagging, Forced registration or enrollment, Pay-to-play or grinding, Friend Spam, Social pyramid schemes, and Address Book Leeching), use addictive algorithm to reinforce engagement loops","I did document everything in Words I didnt read the assignment clearly and I didn't do the form everyday this was 10/12/2025",NA
"10/13/2025 12:21:22","86cbaf4d9ca6e971623605fb12fe12e7","No",NA,NA,NA,NA,NA,NA,NA,NA,NA
"10/13/2025 12:21:55","86cbaf4d9ca6e971623605fb12fe12e7","No",NA,NA,NA,NA,NA,NA,NA,NA,NA
"10/13/2025 12:22:18","86cbaf4d9ca6e971623605fb12fe12e7","No",NA,NA,NA,NA,NA,NA,NA,NA,NA
"10/13/2025 12:22:44","86cbaf4d9ca6e971623605fb12fe12e7","No",NA,NA,NA,NA,NA,NA,NA,NA,NA
"10/13/2025 12:25:47","2b49e651947e0e07092fc3250d47b01c","Yes","Discord Bot API","I was trying to join a Discord server. The authorization window popped up asking me to authorize a bot before I could enter the server. I thought it was just a normal step to join, so I clicked “Authorize” to continue.","When I read the fine print, it said that by agreeing, I was also allowing the bot to later join other Discord servers without me acknowledging it. it feel like I needed to click it immediately to continue. There was no clear explanation of what exactly the bot could access or how it might use those permissions later.","Yes, it made me feel uneasy and  unsure about what I had just agreed to. I didn’t intend to give a bot that level of access, but the design made it seem like I had no other choice if I wanted to join the server. And it cost me time to look up how to remove the bot permissions, and I felt less confident about joining new servers in the future.",4,"No","Obstruction (Price comparison prevention, Roadblocks to cancellation, Immortal accounts), Sneaking or Information Hiding (Sneak-into-Basket, Hidden Information, Hidden Costs, Drip Pricing, Hiddent Subscription or Forced Continuity, Intermediate Currency), Interface Interference (Misdirection, False hierarchy or pressured upselling, Disguised ads,  Bait and swtich), Asymmetric Choice (Trick questions, Confirm shaming, Preselection, Subverting privacy preferences)","I didn't do the fill the form each day because I didn't read the assignment clearly but this is what I have this was today 10/13/2025",NA
"10/13/2025 12:27:03","665dbbf1effae66edb11c1576006c2b2","No",NA,NA,NA,NA,NA,NA,NA,"This will be the Saturday 10/13/2025",NA
"10/13/2025 12:31:40","47131c03203bf4b9f5f145e6318be64d","Yes","Hayailearn website https://www.hayailearn.com/","Find the pricing for the pricing","They have no option to see the pricing on the main page, only a home button and a start your free week option, which usually leads to charges.","I think this goes into costing me more effort than anticipated/desired to get the pricing which makes me suspicious of the site",2,"Yes","Sneaking or Information Hiding (Sneak-into-Basket, Hidden Information, Hidden Costs, Drip Pricing, Hiddent Subscription or Forced Continuity, Intermediate Currency)","none",NA
"10/13/2025 13:45:06","86cbaf4d9ca6e971623605fb12fe12e7","Yes","https://www.pdffiller.com/jsfiller-desk17/?acc-share-button-in-editor=true&e-sign-assign-fields-experiment=false&flat_pdf_quality=high&isSkipEditorLoadFrequency=true&jsf-all-tools-tab=false&jsf-all-tools-tab-branch-b=false&jsf-disable-autosave=true&jsf-disable-browser-translation=false&jsf-editor-pdfjs-five=true&jsf-fake-edit-embedded=true&jsf-fake-edit-stream-editing=true&jsf-offline-mode=false&jsf-page-rearrange-v2=true&jsf-probability-70=true&jsf-redesign-full=true&jsf-simplified-modes-iteration-1=true&jsf-socket-io=true&jsf-web-mobile-new-filling-experience=false&projectId=1969171191&requestHash=3480d6adb8c7265465159eaea9b32d78ed7ed8098fd30c00d96adf6cf2c61ec5&richTextFormatting=true&routeId=4e4a91cb3b92ed409aceb56e1b973795&traceparent=00-68aaad69d67b6f3aa3307ebe3ad9f7cf-242bd3cc313dbcd1-00#94f3110a19424bd1a8c4e11f77a5073e","I was trying to turn a pdf into a word document as I needed to edit it and I thought that turning into a word document would be easier for me.","It claimed that it was completely free, and then it asked for my email and I logged in. After that it told me that if I wanted to download it, I would have to either pay or give me card details for a free trial. This is suspicious because it said that it would give it to me for free so I assumed that I would be able to just download the document without any extra steps.","It costed me more time and effort and I had to go back to find another website that would allow me to change my pdf document into a word document for free.",2,"No","Sneaking or Information Hiding (Sneak-into-Basket, Hidden Information, Hidden Costs, Drip Pricing, Hiddent Subscription or Forced Continuity, Intermediate Currency)",NA,NA
"10/13/2025 14:25:32","df2b62dc9e09186bc62be51f0236457c","No",NA,NA,NA,NA,NA,NA,NA,"I’m not near the computer today, didn’t see any dark patterns",NA
"10/13/2025 16:50:04","38d0ca46963e1407f692c82ff68a9324","No",NA,NA,NA,NA,NA,NA,NA,NA,NA
"10/13/2025 16:57:21","e6ed7a83336b2025ab74d4031c3015d4","No",NA,NA,NA,NA,NA,NA,NA,NA,NA
"10/13/2025 17:00:39","467ae9fe05d0e559dd0aff100fd72d6a","Yes","Marvel Rivals","Play a game","There a message sent by the game launcher in Chinese and I had no idea what the message meant and would be able to play the game if I did not answer that question. It's a trusted app but this event, slightly concerned me","hindering what you wanted to accomplish, no idea what the message was about",3,"No","Asymmetric Choice (Trick questions, Confirm shaming, Preselection, Subverting privacy preferences)",NA,NA
"10/13/2025 19:06:34","683a60cc0165f36fef330b711684c6ea","Yes","YouTube: youtube.com","I was trying to watch a short YouTube video.","Before the video started, two unskippable ads played back to back. There was no option to skip and the total ad time was almost as long as the video itself. It also showed a banner suggesting I subscribe to YouTube Premium to “watch ad free.” It felt like the design was intentionally frustrating to push me toward paying.","Yes, it wasted my time and made me annoyed. I felt like YouTube was trying to pressure me into paying for the Premium subscription instead of just showing normal and skippable ads.",4,"No","Obstruction (Price comparison prevention, Roadblocks to cancellation, Immortal accounts), Coerced Action (Unauthorized transactions, Auto-play, Nagging, Forced registration or enrollment, Pay-to-play or grinding, Friend Spam, Social pyramid schemes, and Address Book Leeching)",NA,NA
"10/13/2025 20:05:12","86cbaf4d9ca6e971623605fb12fe12e7","No",NA,NA,NA,NA,NA,NA,NA,NA,NA
"10/13/2025 20:22:42","b398a589b9bcb79ee166643d2b7f1e81","Yes","Crunchyroll https://www.crunchyroll.com","Watch a new anime, but the tier I paid for didn't include","The wording of the membership I was confused which tier included what I wanted to watch, so i had to upgrade after i purchased the cheapest one",NA,2,"No","Obstruction (Price comparison prevention, Roadblocks to cancellation, Immortal accounts), Sneaking or Information Hiding (Sneak-into-Basket, Hidden Information, Hidden Costs, Drip Pricing, Hiddent Subscription or Forced Continuity, Intermediate Currency)",NA,NA
"10/13/2025 20:34:40","3bed73ad2ab1ea1b286a0ce64635c19a","No",NA,NA,NA,NA,NA,NA,NA,NA,NA
"10/13/2025 20:34:55","3bed73ad2ab1ea1b286a0ce64635c19a","No",NA,NA,NA,NA,NA,NA,NA,NA,NA
"10/13/2025 20:38:59","296a7728df811f93969e18c43fc1f54c","No",NA,NA,NA,NA,NA,NA,NA,NA,NA
"10/13/2025 21:04:54","386231f923e6ceaa1a347b97895b39d2","No",NA,NA,NA,NA,NA,NA,NA,NA,NA
"10/13/2025 21:08:59","6ba5ec7485e6415cf8a4097ada167fb1","No",NA,NA,NA,NA,NA,NA,NA,NA,NA
"10/13/2025 21:21:37","27f4668a0361277d8250029799587f07","No",NA,NA,NA,NA,NA,NA,NA,NA,NA
"10/13/2025 21:47:31","e0f08d408d7d4bb088c980a9e857b3b4","No",NA,NA,NA,NA,NA,NA,NA,NA,NA
"10/13/2025 21:49:28","61e54b2e26b538082a063379d654c7a6","Yes","Depop (https://www.depop.com/)","Browse clothes","On some items, there is a tag that says ""In # people's bags,"" or ""# offers sent.""","It made me feel unsure/anxious, because based on some of the numbers I wasn't sure how the item hadn't sold yet, and it made me anxious because if it is a piece of clothing I want, it makes me feel rushed to buy it so someone else doesn't first",2,"Yes","Scarcity (False low stock message, False high demand,)","N/A",NA
"10/13/2025 22:05:02","d9c244a50799c2ce2bce5a9bfe0c405b","Yes","Name: Amazon
Link: amazon.com","I was browsing through the Amazon app to see if there was anything I was interested in buying.","Right when I opened the app, the home page had a ""Deals to discover"" section in which every item in that section had a ""Limited time deal"" sign with a ""__ % off"" sign. Some of the items in particular, had a countdown timer as well.","To be honest, all of the items shown in the ""Deals to discover"" sections were items that I had no interest in (ex. charging blocks, headphones, a bath mat, etc.) so I didn't feel impacted by it. Seeing the countdown timer for some of the items though did make me feel anxious or rushed in the sense that I felt like I was going to be missing out on a ""good deal"" even though I didn't/wouldn't have bought it either way - it was FOMO.",1,"Yes","Social Proof (False activity messages, Deceptive consumer testimonials, Deceptive celebrity endorsements, Parasocial relationship pressure), Urgency (Baseless countdown timer, False limited time message, False discount claims)",NA,NA
"10/13/2025 23:07:56","6a65a941606174037f462283a6d5c06e","No",NA,NA,NA,NA,NA,NA,NA,NA,NA
"10/13/2025 23:27:39","a0af765a42338ed0a2bddd7fc3cce3b2","Yes","Yehttps://store.supercell.com,","Just Checking it out (playing clash royal and decided to check the extended store).","This is a ""special store"", where you can see more ""deals"" and things you can buy. Every time you check out this bonus extended store, you get rewards (daily?). Basically, incentivizing user to check out store, in hopes that they will eventually buy something.","No, I will probably never buy anything from the store.",2,"Yes","Urgency (Baseless countdown timer, False limited time message, False discount claims), Keeps bringing you back to store, keeps making you look at offers.","No",NA
"10/13/2025 23:34:55","2f4966e037a7cd8ec196cda71108d2ba","No",NA,NA,NA,NA,NA,NA,NA,NA,NA
"10/14/2025 0:11:13","9c1caa92f197937d91525f8622c08781","Yes","Duolingo https://www.duolingo.com/","Open up my phone","I opened my phone, and saw the app icon appeared to be a dead Duolingo bird.","It guilt-tripped me into opening the app and doing a Spanish lesson.",3,"No","Coerced Action (Unauthorized transactions, Auto-play, Nagging, Forced registration or enrollment, Pay-to-play or grinding, Friend Spam, Social pyramid schemes, and Address Book Leeching)",NA,NA
"10/14/2025 4:14:46","f2789b303fa74b5dcc403c792abdaede","No",NA,NA,NA,NA,NA,NA,NA,NA,NA
"10/14/2025 11:40:16","cfb730a80571396d9c6be8bce6693322","No",NA,NA,NA,NA,NA,NA,NA,NA,NA
"10/14/2025 14:58:14","01f9ed93019b8fb938b8575d5a6a6e19","No",NA,NA,NA,NA,NA,NA,NA,NA,NA
"10/14/2025 19:28:52","2f4966e037a7cd8ec196cda71108d2ba","No",NA,NA,NA,NA,NA,NA,NA,NA,NA
"10/15/2025 0:04:41","9c1caa92f197937d91525f8622c08781","No",NA,NA,NA,NA,NA,NA,NA,NA,NA
"1/21/2026 10:21:41","ded98ef2ae3193a58dafaae10e84a4d5","Yes","LinkedIn 
https://www.linkedin.com/feed/","I was trying to look through my messages and feed","I kept getting messaged by LinkedIn themselves and getting adds to try LinkedIn premium even though I already said no multiple time","It got really annoying and i can see how people would get tired of it and just buy the subscription since its pushed on them a lot",3,"Yes","Interface Interference (Misdirection, False hierarchy or pressured upselling, Disguised ads,  Bait and swtich), Coerced Action (Unauthorized transactions, Auto-play, Nagging, Forced registration or enrollment, Pay-to-play or grinding, Friend Spam, Social pyramid schemes, and Address Book Leeching)",NA,NA
"1/21/2026 10:55:45","4bc7f5a22151e3f0617ee30c3595d358","Unsure","Minix https://minix-compostdryer.com/","Buy/Price check the product","There were no prices listed anywhere and they required me to send a message/inquiry in order to be able find the price potentially.","Hinders my purchase. Costing me time by needing to send an inquiry before even seeing the price.",2,"Yes","Obstruction (Price comparison prevention, Roadblocks to cancellation, Immortal accounts), Sneaking or Information Hiding (Sneak-into-Basket, Hidden Information, Hidden Costs, Drip Pricing, Hiddent Subscription or Forced Continuity, Intermediate Currency)","nothing",NA
"1/21/2026 11:09:24","3ab9930600663c445d69ce90a7896ef2","Yes","https://ropac.net/exhibitions/79-yan-peiming-dating/","I was researching an artist for my figure drawing class.","At the bottom, there was a popup asking to allow cookies. There was an option to click accept but there was no option to click reject. The only option was to ""manage cookies"" and it had to take you to a whole separate page.","I don't like sharing my cookies, so I tried to reject them but going to a different page was just wasting my time when I could've spent my time researching for my assignment. Thankfully, the popup didn't take up the entire screen so I could've just ignored it, but if someone didn't, like me, then they would have to click through.",2,"Yes","Asymmetric Choice (Trick questions, Confirm shaming, Preselection, Subverting privacy preferences)","No",NA
"1/21/2026 13:22:34","a515adcad907f25d005c2bc716b146e1","Yes","Amazon Cart - https://www.amazon.com/?tag=hymsabk-20&ref=pd_sl_7j18redljw_e&adgrpid=1338106215055591&hvadid=83631709434484&hvnetw=o&hvqmt=e&hvbmt=be&hvdev=c&hvlocint=&hvlocphy=111479&hvtargid=kwd-83631981824880:loc-190&hydadcr=28883_11845452&mcid=&msclkid=aa155ddef580186d21c634afb69ae2ee","Was trying to add something to my Amazon cart.","When I added the thing to the cart, it then told me what other people were buying with this item and tried to make me add them to the cart before going to check out.","It took me time mostly, to realize what was going on and then trying to figure out how to still get to the checkup point.",3,"No","Sneaking or Information Hiding (Sneak-into-Basket, Hidden Information, Hidden Costs, Drip Pricing, Hiddent Subscription or Forced Continuity, Intermediate Currency), Coerced Action (Unauthorized transactions, Auto-play, Nagging, Forced registration or enrollment, Pay-to-play or grinding, Friend Spam, Social pyramid schemes, and Address Book Leeching)",NA,NA
"1/21/2026 13:30:10","91f4c3e914abd8a08357dd818e47d187","Yes","Apple Customer Service","I was tying to talk to a customer service agent about an issue that the AI bot would not be able to help with.","It kept on repeating the same 5 or 6 options and wouldn't let me work around it. Then when I finally got through to talk to a human I had to get transferred to 3 different departments to my question answered.","It costing me more time and effort than it really should have in the first place.",3,"No","Urgency (Baseless countdown timer, False limited time message, False discount claims)","N/A",NA
"1/21/2026 16:31:48","0b2404b578b77360a47d032dff35d187","No",NA,NA,NA,NA,NA,NA,NA,"I did not encounter any dark patterns during the last 24 hours.",NA
"1/21/2026 16:55:08","af8223a08ac162a1586e95dc1052dd9b","Yes","Emerald city athletics","trying to  cancel there personal trainig program","I had to go in person to cancel  instead of online 

They have bots ask me why I am canceling  and relay that i am canceling the coach and have them message me to try convince me not to by reminding me how much progress was made","yes it was a waste of  time i had to leave home and go there 

I had to talk to many people and sign many papers, and there was a fee 

There was a lot of misdirection, too",4,"No","Obstruction (Price comparison prevention, Roadblocks to cancellation, Immortal accounts), Sneaking or Information Hiding (Sneak-into-Basket, Hidden Information, Hidden Costs, Drip Pricing, Hiddent Subscription or Forced Continuity, Intermediate Currency), Interface Interference (Misdirection, False hierarchy or pressured upselling, Disguised ads,  Bait and swtich), Asymmetric Choice (Trick questions, Confirm shaming, Preselection, Subverting privacy preferences)","mentions its cheapee if i continue",NA
"1/21/2026 17:01:14","602a3cf3e1f56a4b2a0dbb2d8dfcd803","No",NA,NA,NA,NA,NA,NA,NA,NA,NA
"1/21/2026 17:16:38","fc18d8e695666557c2869e666275169c","Yes","shein.com","online shopping","A pop-up with a countdown timer to secure a deal, and greyed out option for ""savings"", and increased cost when adding an item to your cart.","it's just more annoying and can make a psychological impact when repetitive.",1,"Yes","Urgency (Baseless countdown timer, False limited time message, False discount claims), Sneaking or Information Hiding (Sneak-into-Basket, Hidden Information, Hidden Costs, Drip Pricing, Hiddent Subscription or Forced Continuity, Intermediate Currency)",NA,NA
"1/21/2026 18:48:37","07afba00b8fd5c57898529c33a7de171","No",NA,NA,NA,NA,NA,NA,NA,NA,NA
"1/21/2026 19:13:08","df5182b79b2175750d9c68461d79e197","No",NA,NA,NA,NA,1,"No",NA,NA,NA
"1/21/2026 19:25:09","2953e5e87133f5a9d0402c611ec6523f","Yes","hurawatch
https://hurawatch.cc/","I was trying to watch the most recent episode of Impractical Jokers season 12.","A lot of popups.","No because I use this website often. It's a pirated TV and movie website which I already expect popups on so I already know exactly when to expect popups and immediately close them.",1,"Yes","Interface Interference (Misdirection, False hierarchy or pressured upselling, Disguised ads,  Bait and swtich), Popups","Where do I put the images? I currently don't have them but I can do what I did earlier on my PC or phone and take screenshots before and after the popups.",NA
"1/21/2026 19:38:15","859a22cad8845488d5ba6b69f524bd4f","Yes","Overleaf https://www.overleaf.com/project","Writing math document, completing a homework assignment","There was a popup that showed up multiple times saying something along the lines of ""Your use of LaTeX AI has run out of time. Please subscribe for more time"" when I wasn't using, nor did I need, the LaTeX AI for what i was doing.","It blocks part of the screen until i x it out, it does this multiple times per session.",2,"No","Interface Interference (Misdirection, False hierarchy or pressured upselling, Disguised ads,  Bait and swtich), Coerced Action (Unauthorized transactions, Auto-play, Nagging, Forced registration or enrollment, Pay-to-play or grinding, Friend Spam, Social pyramid schemes, and Address Book Leeching)",NA,NA
"1/21/2026 20:03:21","0f3758c93874e764fc2a3810d76412ea","No",NA,NA,NA,NA,NA,NA,NA,"Didn't do much today just cooked and worked out, so interactions were limited.",NA
"1/21/2026 20:48:38","40dd2a03fb4b98f334946f6fec656214","No",NA,NA,NA,NA,NA,NA,NA,NA,NA
"1/21/2026 21:14:53","86aedc940e1573ca89a0b18205d56559","No",NA,"I was mostly on canvas whole day and doing assignments so I didn't encounter any dark patterns. I did encounter some sites that asked for cookies however it gave ""reject all cookies"" as an option so I wouldn't count it as dark pattern.","None.",NA,1,"No",NA,NA,NA
"1/21/2026 21:53:15","4a29867983ade6dd1b2b2906623caa5b","No",NA,NA,NA,NA,NA,NA,NA,NA,NA
"1/21/2026 22:06:57","eb3d24eeaafc9ed15391a6eab40384e4","Yes","GHome Smart (Gosund) App 
https://apps.apple.com/us/app/ghome-work-with-gosund/id1456965228","I wanted to turn on my smart wall plugs using my phone. So, I opened the app.","Immediately when I open the app, the first thing I see is the ""User Agreement and Privacy Policy Screen"". The smaller text said there were some updates to the Privacy Policy.","It was annoying because in order to see the aforementioned Privacy changes, I had to click on the link to their entire privacy policy. When I looked at the privacy policy changes, it was very cumbersome because of how much text was on my phone's screen. I eventually just went back and hit agree without really looking at the terms.",2,"Yes","Asymmetric Choice (Trick questions, Confirm shaming, Preselection, Subverting privacy preferences), Design Elements that Hide or Delay Disclosure of Material Information",NA,"https://drive.google.com/open?id=1tDnzDErUdch737MrMd1xpEv1MfTeYxDC"
"1/21/2026 22:18:10","e9654dbbbfe347916631418f6892fabf","No",NA,NA,NA,NA,NA,NA,NA,NA,NA
"1/21/2026 22:26:09","442fc86a5aefdaeabbaea6fb9aebad38","No",NA,NA,NA,NA,NA,NA,NA,NA,NA
"1/21/2026 22:54:23","f7b8ba00725f823769b18b9d3a8dcece","No",NA,NA,NA,NA,NA,NA,NA,NA,NA
"1/21/2026 23:17:25","8f3e6c234621b584a8db2856547a1e72","No",NA,NA,NA,NA,NA,NA,NA,"No incident",NA
"1/21/2026 23:57:26","74f291653c12510a6585971c8a46ae03","No",NA,NA,NA,NA,NA,NA,NA,NA,NA
"1/22/2026 0:01:38","9a0dd5b58c1c3e6033e98ee97e708eff","No",NA,NA,NA,NA,NA,NA,NA,"No incidents.",NA
"1/22/2026 8:30:35","4a29867983ade6dd1b2b2906623caa5b","Unsure","Email from eBay",NA,"eBay sent me an email saying that they updated their User Agreement, and that my account would agree to the new policy automatically if I did nothing.",NA,2,"Yes","Coerced Action (Unauthorized transactions, Auto-play, Nagging, Forced registration or enrollment, Pay-to-play or grinding, Friend Spam, Social pyramid schemes, and Address Book Leeching)",NA,"https://drive.google.com/open?id=1xOlGXV76p4A9UsFLdVrj6zbEjFcn2yV7"
"1/22/2026 9:29:39","e859586525ccf511c7729f821cfcb40f","No",NA,NA,NA,NA,NA,NA,NA,NA,NA
"1/22/2026 13:45:05","0f3758c93874e764fc2a3810d76412ea","Yes","Webull unsubscribe section from emails.

https://act.webull.com/actv2/common/unsubscribe/index.html?email=%60Yr5%2BuCEDmhKcJvTDq%2BCYP%2Bi9VGKbpIi0up8m2QqYLIKK9c7JmqyaCis%2Fm9lpbeui&sign=9c3530fb75a70fd75407d54c71207f746419111032c30c06914ca5d5fc6a369c&hl=en&sourceFlag=op_m_r-20607-1067291879354679296-NEW_PRODUCT_EMAIL&contentId=16126&type=2&emailCode=NEW_PRODUCT_EMAIL","Unsubscribe from Webull email's since it started to become spam.","I have never seen an unsubscribe from email result in anything except an instant unsubscribe.","I was shocked since I unsubscribed from 3 other emails right before and it happened instantly so seeing a message like ""within 24 hours"" to me just means they can still send me trash emails until 24 hours have passed.",2,"Yes","Obstruction (Price comparison prevention, Roadblocks to cancellation, Immortal accounts), Sneaking or Information Hiding (Sneak-into-Basket, Hidden Information, Hidden Costs, Drip Pricing, Hiddent Subscription or Forced Continuity, Intermediate Currency), Asymmetric Choice (Trick questions, Confirm shaming, Preselection, Subverting privacy preferences)",NA,"https://drive.google.com/open?id=1MCqGLdnNK4IkqRp_LiYV98wCKFnps6pG"
"1/22/2026 14:36:57","91f4c3e914abd8a08357dd818e47d187","Yes","Dave Hot Chicken app","Order food","When you get to the check out page it automatically adds a 15% tip without telling you. You only notice when you get to the final page in checkout. On top of that it doesn't let you say no, you have to input 0.00 as a tip to remove it entirely.","Costing you more time, money, or effort than anticipated/desired.
",4,"Yes","Obstruction (Price comparison prevention, Roadblocks to cancellation, Immortal accounts), Sneaking or Information Hiding (Sneak-into-Basket, Hidden Information, Hidden Costs, Drip Pricing, Hiddent Subscription or Forced Continuity, Intermediate Currency), Interface Interference (Misdirection, False hierarchy or pressured upselling, Disguised ads,  Bait and swtich)",NA,NA
"1/22/2026 15:00:52","07afba00b8fd5c57898529c33a7de171","No",NA,NA,NA,NA,NA,NA,NA,NA,NA
"1/22/2026 15:19:20","3ab9930600663c445d69ce90a7896ef2","Unsure","Ticketmaster","Buy tickets for a concert","Ticketmaster had stated that the prices are including service fees however, Ticketmaster is notorious for having hidden fees.","Yes because some tickets are more pricier than the others and having those hidden fees could definitely hinder my bank account!",2,"Yes","Sneaking or Information Hiding (Sneak-into-Basket, Hidden Information, Hidden Costs, Drip Pricing, Hiddent Subscription or Forced Continuity, Intermediate Currency)","No","https://drive.google.com/open?id=1BIZHr_1uXlraXGzkmhgr7t3SJ42PkNX7"
"1/22/2026 18:01:46","df5182b79b2175750d9c68461d79e197","Unsure","https://www.marketbeat.com/subscribe/all-access/?ProductCode=aap1497&ReferralType=TriggeredEmail&UserID=10244885&utm_source=triggeredemail&utm_medium=email&Hash=4ED62E1E56027EEEE986B99EE3F3B221BD971A7AAB4FA61E31C844C61375CB7908F7EF2D193483BB24275A5145D71DF71F06E41CA755AC0D83E8FAD2D32F5B58&ItemID=17239&TCLogID=23519526","I was looking through my email at the daily invoices I get. This one email in regards to an account I created a while back for stock market information constantly appeared. These emails always gave more and more information that I'd need to act fast to get the tips before the benefits run out.",NA,"It made me more reluctant to consider less expensive alternatives on how to access real and legitimate information on stock market data",2,"No","Scarcity (False low stock message, False high demand,), Obstruction (Price comparison prevention, Roadblocks to cancellation, Immortal accounts)",NA,NA
"1/22/2026 18:05:12","a515adcad907f25d005c2bc716b146e1","No",NA,NA,NA,NA,NA,NA,NA,NA,NA
"1/22/2026 18:42:32","dc061d80e7dd17510f6d829ef33db9e6","No",NA,NA,NA,NA,NA,NA,NA,NA,NA
"1/22/2026 19:05:34","e9654dbbbfe347916631418f6892fabf","No",NA,NA,NA,NA,NA,NA,NA,NA,NA
"1/22/2026 19:16:48","0961728f88dc965cbb8dc507b1db0486","No",NA,NA,NA,"Did not encounter one today",1,"No",NA,NA,NA
"1/22/2026 19:24:37","0961728f88dc965cbb8dc507b1db0486","Yes","Linkedin","Access free youtube premium as a perk of having linkedin premium as stated","Gave me the option redeem 3 months of youtube premium for free but when I clicked, it asked me to renew my subscription to get access. It shouldn't have shown it to me in the first place as free if I did not have access to it.","Cost me extra time while also being distracting.",3,"Yes","Interface Interference (Misdirection, False hierarchy or pressured upselling, Disguised ads,  Bait and swtich)",NA,"https://drive.google.com/open?id=1xbI8t-2hDTY7J5TRSFFbRbLY5oaR6jA-, https://drive.google.com/open?id=14_TThycdDqRfoQ8xlkyNmpWraX7lFceT"
"1/22/2026 20:44:36","99e6a9590b795ad906ba29aa21a727d9","Yes","AMC Theaters | https://www.amctheatres.com/","Purchase movie tickets","I went through the entire process of selecting tickets and seats online only to be met with a convenience fee at checkout.","Cost me more money than desired.",2,"Yes","Sneaking or Information Hiding (Sneak-into-Basket, Hidden Information, Hidden Costs, Drip Pricing, Hiddent Subscription or Forced Continuity, Intermediate Currency)",NA,"https://drive.google.com/open?id=1vcQCsJoNK_RNWDTxha9QJv4mNSWGNNMj"
"1/22/2026 21:45:49","86aedc940e1573ca89a0b18205d56559","Yes","Clash Royale","Going to the shop to buy troop/spell cards using in-game currency","It was offering evolution cards with a limited time offer, however this was a ""limited time deal"" that I have seen repeatedly. They do this to make people feel like they are given a good offer and give in to purchase the item using real life currency.","Evolution cards in this game are very overpowered and also very difficult to obtain as a free to play player, and this was intentional by design to make players feel like they need these overpowered cards to keep up with the most efficient tactic available. Since this game is more punishing for free to play players such as myself, it tempts me to buy the evolution card in order to have a fair chance of getting trophies in this game.",2,"Yes","Urgency (Baseless countdown timer, False limited time message, False discount claims), Coerced Action (Unauthorized transactions, Auto-play, Nagging, Forced registration or enrollment, Pay-to-play or grinding, Friend Spam, Social pyramid schemes, and Address Book Leeching)",NA,"https://drive.google.com/open?id=1_o9zL2283ZGRL91OnKmBmh9ykp3N9rn7"
"1/22/2026 21:53:07","f7b8ba00725f823769b18b9d3a8dcece","Unsure","Robinhood","I got a notification saying a specific crypto currency price is dropping and to hold the notification if I want to purchase it.","The fact that they’re notifying me of a drop of price in something I haven’t bought plus the hold to buy option makes it seem like a thing of missing out if I don’t buy it now due to how volatile cryptocurrency is.","It didn’t really affect me much, I tend to be very careful when I make investments and take my time with that kind of thing.",1,"Yes","Urgency (Baseless countdown timer, False limited time message, False discount claims), Coerced Action (Unauthorized transactions, Auto-play, Nagging, Forced registration or enrollment, Pay-to-play or grinding, Friend Spam, Social pyramid schemes, and Address Book Leeching)",NA,"https://drive.google.com/open?id=1xET9AUVG83d7FRAeURHbhUncm00Gqkyr"
"1/22/2026 21:53:58","0b2404b578b77360a47d032dff35d187","No",NA,NA,NA,NA,NA,NA,NA,"No UX dark pattern today",NA
"1/22/2026 22:04:17","4bc7f5a22151e3f0617ee30c3595d358","No",NA,NA,NA,NA,NA,"No",NA,NA,NA
"1/22/2026 22:11:27","fc18d8e695666557c2869e666275169c","Yes","duolingo","doing my duolingo for the day","I notices how many notifs it sends me when i haven't completed the lesson yet and previously it would portray a lot of emotion from Duo the owl and if it's almost midnight and would pop up on my homescreen in addition to making eveyrhing highlighted and exclamation points to emphasize the timer countdown.","Undue emotional labor since it makes it seem much more important than it actually is.",3,"Yes","Urgency (Baseless countdown timer, False limited time message, False discount claims), Social cues w/ reciprocity",NA,"https://drive.google.com/open?id=1bS174vfrnwZ5MLcU_A7L8AkqY3pV1fHE, https://drive.google.com/open?id=18Apu-AVHuRUk03EIB0toT9Ej34GfY_nu, https://drive.google.com/open?id=1LaLxAs09YCphh0adwW9iLotzStEts1gt"
"1/22/2026 22:48:25","602a3cf3e1f56a4b2a0dbb2d8dfcd803","No",NA,NA,NA,NA,NA,NA,NA,NA,NA
"1/22/2026 23:17:15","ded98ef2ae3193a58dafaae10e84a4d5","No","N/A","N/A","N/A","N/A",NA,NA,NA,"N/A",NA
"1/22/2026 23:20:59","8f3e6c234621b584a8db2856547a1e72","Yes","Temu, link: https://www.temu.com","I was looking for an instance of UX dark pattern","Too many offers, discounts and what was very weird to me was that multiple things were rated ""#1"" which clearly shows it is to grab attention. Especially very basic things like hair ties and whatnot.","No it didn't affect me now, but it has affected me in the past as many of these offers are just lies and at billing the price is way more than what you had expected.",1,"Yes","Fake ratings and offers (discounts) to grab attention","-","https://drive.google.com/open?id=1PYtr2DGfG0rdOs1HnZ8fkOLLhfhoyK3z"
"1/22/2026 23:46:46","eb3d24eeaafc9ed15391a6eab40384e4","No",NA,NA,NA,NA,NA,NA,NA,NA,NA
"1/22/2026 23:53:11","9a0dd5b58c1c3e6033e98ee97e708eff","Yes",NA,NA,NA,NA,NA,NA,NA,"No incidents.",NA
"1/22/2026 23:57:54","2953e5e87133f5a9d0402c611ec6523f","Unsure","Well it's not necessarily a website or digital thing per se. It's just a frustrating thing that is a little ""manipulative"". I go to play basketball at the Seattle campus UW intramural center with friends. I started going last campus so I expect and am used to a $10 entrance fee as a non UW Seattle student. But this quarter me and some friends are playing organized recreational intramural 5v5 men's league play. I was required to pay $40 just to sign up for intramural play. Today when I got to the facility I was expecting just to pay the $10 entrance fee but the person at the front desk said that it was required to pay another $96 fee just to play intramurals as a UWB student. This felt like a dark pattern, even if it was just unintentional and a communication error, because I had no expectation for it. But it wasn't exactly connected to UI/UX.","Play intramurals","extra large fee","cost more money",3,"No","Social Proof (False activity messages, Deceptive consumer testimonials, Deceptive celebrity endorsements, Parasocial relationship pressure), Sneaking or Information Hiding (Sneak-into-Basket, Hidden Information, Hidden Costs, Drip Pricing, Hiddent Subscription or Forced Continuity, Intermediate Currency), Interface Interference (Misdirection, False hierarchy or pressured upselling, Disguised ads,  Bait and swtich), Coerced Action (Unauthorized transactions, Auto-play, Nagging, Forced registration or enrollment, Pay-to-play or grinding, Friend Spam, Social pyramid schemes, and Address Book Leeching)",NA,NA
"1/23/2026 0:06:08","859a22cad8845488d5ba6b69f524bd4f","No",NA,NA,NA,NA,NA,NA,NA,NA,NA
"1/23/2026 0:33:52","442fc86a5aefdaeabbaea6fb9aebad38","No",NA,NA,NA,NA,NA,NA,NA,NA,NA
"1/23/2026 0:35:30","74f291653c12510a6585971c8a46ae03","No",NA,NA,NA,NA,NA,NA,NA,NA,NA
"1/23/2026 9:56:09","07afba00b8fd5c57898529c33a7de171","No",NA,NA,NA,NA,NA,NA,NA,NA,NA
"1/23/2026 10:26:53","e859586525ccf511c7729f821cfcb40f","No",NA,NA,NA,NA,NA,NA,NA,NA,NA
"1/23/2026 10:52:10","40dd2a03fb4b98f334946f6fec656214","No",NA,NA,NA,NA,NA,NA,NA,"For yesterday",NA
"1/23/2026 14:33:22","0f3758c93874e764fc2a3810d76412ea","No",NA,NA,NA,NA,1,NA,NA,"Not gonna be using tech that much / at all today, so low chance of seeing any today!",NA
"1/23/2026 18:08:20","8f3e6c234621b584a8db2856547a1e72","Yes","Instagram, link: https://www.instagram.com","I was just scrolling through my reels","This one lady kept showing up talkng about a master class, telling how basic skills like talking and attending zoom calls can help you earn millions and women who are not doing these are missing out. It might not be UX stunt, but it did feel like a scam and the reel description could count as UX dark patterns. Along with that, I also received messages from that lady that felt suss.","Yea it made me feel like it was real, but then it started feeling like it was ""too good to be true""",2,"Yes","Urgency (Baseless countdown timer, False limited time message, False discount claims)","-","https://drive.google.com/open?id=1uIQBsoCvohu30XTEEraRWngervOdQ33Z"
"1/23/2026 19:02:02","dc061d80e7dd17510f6d829ef33db9e6","No",NA,NA,NA,NA,NA,NA,NA,NA,NA
"1/23/2026 20:33:47","4a29867983ade6dd1b2b2906623caa5b","No",NA,NA,NA,NA,NA,NA,NA,NA,NA
"1/23/2026 20:45:35","3ab9930600663c445d69ce90a7896ef2","No","N/A","N/A","N/A","N/A",1,"No","Nothing to report today!","No",NA
"1/23/2026 21:05:21","f7b8ba00725f823769b18b9d3a8dcece","No",NA,NA,NA,NA,NA,NA,NA,NA,NA
"1/23/2026 21:36:57","fc18d8e695666557c2869e666275169c","No",NA,NA,NA,NA,NA,NA,NA,NA,NA
"1/23/2026 21:58:26","a515adcad907f25d005c2bc716b146e1","No",NA,NA,NA,NA,NA,NA,NA,NA,NA
"1/23/2026 22:03:36","af8223a08ac162a1586e95dc1052dd9b","Yes","CROCS","I was trying to casually check and read through my emails without intending to shop or make any purchases.","The promotional emails used repeated sales messaging, limited-time language, and visually emphasized discounts that made the offers feel urgent even though there was no clear indication that the promotions were actually expiring soon. The emails were designed to pull attention away from simply reading email and toward clicking through to shop.","Encountering these promotional messages was mildly distracting and made it harder to simply scan and clear my inbox. The urgency-focused language created subtle pressure to click and browse products even though I did not plan to shop. It made me slightly less confident that I could quickly accomplish my original goal of just reviewing emails without being influenced by marketing prompts.",3,"No","Urgency (Baseless countdown timer, False limited time message, False discount claims), Interface Interference (Misdirection, False hierarchy or pressured upselling, Disguised ads,  Bait and swtich)","This interaction did not cause significant harm, but it demonstrates how everyday marketing emails can use subtle urgency and visual hierarchy to influence user behavior even when users are not actively shopping. Over time, repeated exposure to these patterns could contribute to decision fatigue or impulsive purchasing. I am guilty of this !",NA
"1/23/2026 22:04:28","af8223a08ac162a1586e95dc1052dd9b","No",NA,NA,NA,NA,NA,NA,NA,NA,NA
"1/23/2026 22:14:55","2953e5e87133f5a9d0402c611ec6523f","No",NA,NA,NA,NA,NA,NA,NA,NA,NA
"1/23/2026 22:16:17","91f4c3e914abd8a08357dd818e47d187","No",NA,NA,NA,NA,NA,NA,NA,NA,NA
"1/23/2026 22:25:26","df5182b79b2175750d9c68461d79e197","No",NA,NA,NA,NA,NA,NA,NA,NA,NA
"1/23/2026 22:33:56","0961728f88dc965cbb8dc507b1db0486","No",NA,NA,NA,NA,NA,NA,NA,NA,NA
"1/23/2026 22:43:00","9a0dd5b58c1c3e6033e98ee97e708eff","No",NA,NA,NA,NA,NA,NA,NA,"No incidents.",NA
"1/23/2026 22:43:58","0b2404b578b77360a47d032dff35d187","No",NA,NA,NA,NA,NA,NA,NA,NA,NA
"1/23/2026 22:47:46","859a22cad8845488d5ba6b69f524bd4f","Yes","IQIYI https://www.iq.com/?lang=en_us","Stream a series","Saw that it said full online for free, but when i went in, only the first episode was free and the rest were block by vip access. There was an option to gain a free trial for vip access by watching ads but it didn't tell me how long the access was for. After watching the ads the access was for 45 min, less than an episode. There were also constant ads in the episodes anyways. Luckily it let me gain the free access multiple times.","Cost me time and effort, would have cost me money if I was impatient",1,"Yes","Sneaking or Information Hiding (Sneak-into-Basket, Hidden Information, Hidden Costs, Drip Pricing, Hiddent Subscription or Forced Continuity, Intermediate Currency), Interface Interference (Misdirection, False hierarchy or pressured upselling, Disguised ads,  Bait and swtich)",NA,"https://drive.google.com/open?id=1WQxd9mJhHr82MfHwF06BFKdWtOEBDrRJ, https://drive.google.com/open?id=1vP4OQij-tpHI2bNNbpUpGXPpXxJQr1nF"
"1/23/2026 23:01:14","4bc7f5a22151e3f0617ee30c3595d358","No",NA,NA,NA,NA,NA,"No",NA,NA,NA
"1/23/2026 23:28:40","602a3cf3e1f56a4b2a0dbb2d8dfcd803","Yes","unsure","look at a dog photo","It asked if I wanted to allow the website to collect information, upon clicking ""more options"", it explicitly mentioned selling, sharing, and other transformations of it with a long list of opt out options","I clicked away and didn't see the dog photo :(",4,"Yes","Asymmetric Choice (Trick questions, Confirm shaming, Preselection, Subverting privacy preferences)",NA,NA
"1/23/2026 23:29:39","e9654dbbbfe347916631418f6892fabf","No",NA,NA,NA,NA,NA,NA,NA,NA,NA
"1/23/2026 23:33:14","442fc86a5aefdaeabbaea6fb9aebad38","No",NA,NA,NA,NA,NA,NA,NA,NA,NA
"1/23/2026 23:43:31","86aedc940e1573ca89a0b18205d56559","No",NA,NA,NA,NA,NA,NA,NA,NA,NA
"1/23/2026 23:55:00","eb3d24eeaafc9ed15391a6eab40384e4","No",NA,NA,NA,NA,NA,NA,NA,NA,NA
"1/24/2026 0:05:06","ded98ef2ae3193a58dafaae10e84a4d5","No","N/A","N/A","N/A","N/A",NA,NA,NA,NA,NA
"1/24/2026 1:39:10","40dd2a03fb4b98f334946f6fec656214","No",NA,NA,NA,NA,NA,NA,NA,NA,NA
"1/24/2026 9:28:41","74f291653c12510a6585971c8a46ae03","No",NA,NA,NA,NA,NA,NA,NA,"this is for 1/23",NA
"1/24/2026 11:08:22","07afba00b8fd5c57898529c33a7de171","No",NA,NA,NA,NA,NA,NA,NA,NA,NA
"1/24/2026 11:13:12","99e6a9590b795ad906ba29aa21a727d9","No",NA,NA,NA,NA,NA,NA,NA,NA,NA
"1/24/2026 16:17:09","af8223a08ac162a1586e95dc1052dd9b","Yes","Temu","I was browsing for a few small items and trying to decide if I wanted to place an order.","While browsing, I kept seeing messages like “Only a few left,” “Hurry, almost sold out,” and countdown timers for discounts. The app also constantly showed pop-ups about deals expiring soon, which made it feel rushed and stressful. It was hard to tell if the urgency was real or just part of the design. I also saw lots of promotions  and ads too!","Yes. It made me feel pressured to decide quickly instead of thinking carefully. I spent more time checking prices and comparing items because I wasn’t sure if the deals were real. It also made me less confident that I was making the best choice and more worried about missing out.",4,"No","Scarcity (False low stock message, False high demand,), Urgency (Baseless countdown timer, False limited time message, False discount claims), Interface Interference (Misdirection, False hierarchy or pressured upselling, Disguised ads,  Bait and swtich)","The constant notifications and pop-ups made the shopping experience feel overwhelming and made it harder to browse calmly.",NA
"1/24/2026 18:52:09","2953e5e87133f5a9d0402c611ec6523f","No",NA,NA,NA,NA,NA,NA,NA,NA,NA
"1/24/2026 19:03:23","a515adcad907f25d005c2bc716b146e1","Yes","https://www.ryanair.com/us/en

Ryanair Airlines","Buy flights","Tried to make me pay for seats when there are free seats instead","Costing more money, taking time away",3,"No","Sneaking or Information Hiding (Sneak-into-Basket, Hidden Information, Hidden Costs, Drip Pricing, Hiddent Subscription or Forced Continuity, Intermediate Currency), Interface Interference (Misdirection, False hierarchy or pressured upselling, Disguised ads,  Bait and swtich), Coerced Action (Unauthorized transactions, Auto-play, Nagging, Forced registration or enrollment, Pay-to-play or grinding, Friend Spam, Social pyramid schemes, and Address Book Leeching)",NA,NA
"1/24/2026 19:57:31","dc061d80e7dd17510f6d829ef33db9e6","No",NA,NA,NA,NA,NA,NA,NA,NA,NA
"1/24/2026 21:03:55","0f3758c93874e764fc2a3810d76412ea","Yes","I was playing this game I found showing how companies websites trick you to keep cookies on.

https://cookieconsentspeed.run/","Play the game and experience it.","Yes, it showed all the different ways websites make it hard to turn off cookies.","Gave me a wider view of shady ways websites keep you from turning off cookies.",3,"No","Interface Interference (Misdirection, False hierarchy or pressured upselling, Disguised ads,  Bait and swtich)",NA,NA
"1/24/2026 21:35:06","602a3cf3e1f56a4b2a0dbb2d8dfcd803","No",NA,NA,NA,NA,NA,NA,NA,"Heres the images of the dark pattern i saw yesterday","https://drive.google.com/open?id=1VWIfoYnwODUX0bEUHUEjS4vZ0HqVOtsr, https://drive.google.com/open?id=1Y4_E0mtKnkVqYY0oV6XLXinzGL1V9gq8"
"1/24/2026 21:55:12","4bc7f5a22151e3f0617ee30c3595d358","Yes","Discord | no link as this is separate application","Utilize free two weeks subscription","They told me it was free but I still had to place my card information and had to manually cancel my subscription or else I would have to start paying yearly payment.","I was not able to achieve my goal of utilizing the free subscription (I did not want to accidently not cancel).",2,"Yes","Sneaking or Information Hiding (Sneak-into-Basket, Hidden Information, Hidden Costs, Drip Pricing, Hiddent Subscription or Forced Continuity, Intermediate Currency), Coerced Action (Unauthorized transactions, Auto-play, Nagging, Forced registration or enrollment, Pay-to-play or grinding, Friend Spam, Social pyramid schemes, and Address Book Leeching)","nope","https://drive.google.com/open?id=1EdKOE9H9RbxYmUvO7Y1wUUayPlWinDG8"
"1/24/2026 22:26:51","4a29867983ade6dd1b2b2906623caa5b","No",NA,NA,NA,NA,NA,NA,NA,NA,NA
"1/24/2026 22:33:24","86aedc940e1573ca89a0b18205d56559","No",NA,NA,NA,NA,NA,NA,NA,NA,NA
"1/24/2026 22:48:31","fc18d8e695666557c2869e666275169c","No",NA,NA,NA,NA,NA,NA,NA,"I forgot to submit photos of my Day 1 encounters so i’m submitting them now","https://drive.google.com/open?id=14jpFQZU59WAxrnFJEDx8lz0H_VUJ0qEq, https://drive.google.com/open?id=1JvYEazh-4iFyIfW_vnUEUSLNM9b5JJnJ"
"1/24/2026 22:58:46","ded98ef2ae3193a58dafaae10e84a4d5","Yes","flightradar24
https://www.flightradar24.com/","I was trying to see what flight my brother was on","When I entered the site there was a popup that asked me to agree or disagree to give my personal info and the agree button was bright blue while the disagree was greyed out. When I clicked disagree it took me to another page where I had to manually click disagree on about 6 things while the agree button was one simple click","It was pretty annoying and mixed with a couple of other dark patterns throughout the site really made want to just close the site and find another one.",4,"Yes","Interface Interference (Misdirection, False hierarchy or pressured upselling, Disguised ads,  Bait and swtich), Asymmetric Choice (Trick questions, Confirm shaming, Preselection, Subverting privacy preferences)",NA,"https://drive.google.com/open?id=1yw3dK6pLqtSc__LB6sPKs_Eya1UVyMAq"
"1/24/2026 23:19:37","99e6a9590b795ad906ba29aa21a727d9","No",NA,NA,NA,NA,NA,NA,NA,NA,NA
"1/24/2026 23:20:55","eb3d24eeaafc9ed15391a6eab40384e4","No",NA,NA,NA,NA,NA,NA,NA,NA,NA
"1/24/2026 23:27:15","0961728f88dc965cbb8dc507b1db0486","No",NA,NA,NA,NA,NA,NA,NA,NA,NA
"1/24/2026 23:33:18","e9654dbbbfe347916631418f6892fabf","No",NA,NA,NA,NA,NA,NA,NA,NA,NA
"1/24/2026 23:51:17","9a0dd5b58c1c3e6033e98ee97e708eff","No",NA,NA,NA,NA,NA,NA,NA,"No incidents.",NA
"1/25/2026 0:21:41","91f4c3e914abd8a08357dd818e47d187","No",NA,NA,NA,NA,NA,NA,NA,NA,NA
"1/25/2026 0:44:40","07afba00b8fd5c57898529c33a7de171","No",NA,NA,NA,NA,NA,NA,NA,NA,NA
"1/25/2026 1:11:59","442fc86a5aefdaeabbaea6fb9aebad38","No",NA,NA,NA,NA,NA,NA,NA,NA,NA
"1/25/2026 2:16:06","3ab9930600663c445d69ce90a7896ef2","No",NA,NA,NA,NA,NA,NA,NA,NA,NA
"1/25/2026 12:04:06","0b2404b578b77360a47d032dff35d187","Yes","https://www.amazon.com/","Cancel Prime membership","Intentionally misleading language and multi-page process","Made a simple action annoying",5,"Yes","Interface Interference (Misdirection, False hierarchy or pressured upselling, Disguised ads,  Bait and swtich), Coerced Action (Unauthorized transactions, Auto-play, Nagging, Forced registration or enrollment, Pay-to-play or grinding, Friend Spam, Social pyramid schemes, and Address Book Leeching), Asymmetric Choice (Trick questions, Confirm shaming, Preselection, Subverting privacy preferences)",NA,"https://drive.google.com/open?id=1_K_-7OkmJFdVzSYAzvXjsazxaBRvkkam"
"1/25/2026 12:04:52","0b2404b578b77360a47d032dff35d187","No",NA,NA,NA,NA,NA,NA,NA,"Back filling for 1/24/2026, I forgot to fill it out during the day.",NA
"1/25/2026 12:28:01","e859586525ccf511c7729f821cfcb40f","No",NA,NA,NA,NA,NA,NA,NA,NA,NA
"1/25/2026 16:08:34","74f291653c12510a6585971c8a46ae03","Unsure","Forza Horizon 6, https://forza.net/forzahorizon6","Buy a game","The game advertised to buy the game pass subscription to unlock the game for free, or pay for the upgrade to deluxe edition to unlock the game 4 days early. also to pre order the game to unlock exclusive content","not really, i ignored it, but out of the list, i would say it would be costing me more time or money",2,"No","Coerced Action (Unauthorized transactions, Auto-play, Nagging, Forced registration or enrollment, Pay-to-play or grinding, Friend Spam, Social pyramid schemes, and Address Book Leeching)","this is for 1/24",NA
"1/25/2026 17:02:34","af8223a08ac162a1586e95dc1052dd9b","Yes","Spotify","I was trying to listen to music in the background while studying and relaxing without being distracted.","The app repeatedly displayed pop-ups and banners encouraging me to upgrade to Premium. Ads frequently interrupted songs, and certain features like unlimited skips and choosing specific songs were restricted, which made the free version feel intentionally inconvenient.","These interruptions made it harder for me to stay focused while studying. I had to spend time closing pop-ups and waiting through ads instead of staying engaged with my work. The constant reminders to upgrade created subtle pressure to subscribe just to avoid the inconvenience, even though I originally only wanted to listen to music casually. This made the experience feel more frustrating than necessary.",3,"No","Interface Interference (Misdirection, False hierarchy or pressured upselling, Disguised ads,  Bait and swtich), Coerced Action (Unauthorized transactions, Auto-play, Nagging, Forced registration or enrollment, Pay-to-play or grinding, Friend Spam, Social pyramid schemes, and Address Book Leeching)","While it is reasonable for Spotify to promote its paid service, the design relies heavily on inconvenience and repeated prompts to influence users’ decisions. Over time, this can make users feel pressured to subscribe rather than freely choosing based on value.",NA
"1/25/2026 18:41:09","a515adcad907f25d005c2bc716b146e1","Yes","Amazon
https://www.amazon.com/gp/help/customer/display.html?nodeId=201714290","Cancel my Amazon Prime membership","It had me go through a bunch of loop holes and deals, before I could actually cancel the membership","lots of time, was super annoying and frustrating",4,"No","Social Proof (False activity messages, Deceptive consumer testimonials, Deceptive celebrity endorsements, Parasocial relationship pressure), Urgency (Baseless countdown timer, False limited time message, False discount claims), Obstruction (Price comparison prevention, Roadblocks to cancellation, Immortal accounts)",NA,NA
"1/25/2026 19:21:18","dc061d80e7dd17510f6d829ef33db9e6","No",NA,NA,NA,NA,NA,NA,NA,NA,NA
"1/25/2026 19:48:44","0f3758c93874e764fc2a3810d76412ea","Unsure","Amazon Prime","It wasn't me personally which is why I'm unsure but I was present with my friend who tried cancelling their Amazon Prime and got asked annoying questions like ""are you sure"" then gave an offer to stay before finally letting him cancel.","They tried to keep him as a customer even after he started the cancelling process.","Made me chuckle a bit since it's like they're begging you to stay.",2,"No","Obstruction (Price comparison prevention, Roadblocks to cancellation, Immortal accounts), Asymmetric Choice (Trick questions, Confirm shaming, Preselection, Subverting privacy preferences)",NA,NA
"1/25/2026 19:50:08","f7b8ba00725f823769b18b9d3a8dcece","Yes","Robinhood","Regularly just using my phone.","Sent me a notification saying if i sign up for their robinhood pro free trial i would have a chance at winning tickets to the super bowl. The thing is after the trial ends you get charged $5 a month.",NA,2,"Yes","Urgency (Baseless countdown timer, False limited time message, False discount claims), Sneaking or Information Hiding (Sneak-into-Basket, Hidden Information, Hidden Costs, Drip Pricing, Hiddent Subscription or Forced Continuity, Intermediate Currency)",NA,"https://drive.google.com/open?id=15ysS648zlrfxJ_j1Z31vUwpaQKwrqtvM"
"1/25/2026 21:06:15","ded98ef2ae3193a58dafaae10e84a4d5","Yes","Aliexpress
https://www.aliexpress.us/","I was browsing the products","Whenever i refreshed the home page i got a popup saying i got a free gift but in small text it said after purchase. Whenever i closed out of it if i ever refreshed the home page again it showed back up no matter what i did.","It really annoyed me whenever I refreshed and I ended up just closing the website",4,"Yes","Urgency (Baseless countdown timer, False limited time message, False discount claims), Coerced Action (Unauthorized transactions, Auto-play, Nagging, Forced registration or enrollment, Pay-to-play or grinding, Friend Spam, Social pyramid schemes, and Address Book Leeching)",NA,"https://drive.google.com/open?id=1K7ieUzUXjYHa5QzZKh23-hyIm_CO-00K"
"1/25/2026 22:05:12","4a29867983ade6dd1b2b2906623caa5b","Unsure","Nvidia SDK Manager Download https://developer.nvidia.com/sdk-manager","I was trying to download the Nvidia SDK Manager","The page was designed to look like you could freely download the software, but once you click on one of the download file buttons it redirects you to a login page.","It annoyed me because I thought that my next action would download the software, but I instead had to sign up for an account.",3,"Yes","Interface Interference (Misdirection, False hierarchy or pressured upselling, Disguised ads,  Bait and swtich), Coerced Action (Unauthorized transactions, Auto-play, Nagging, Forced registration or enrollment, Pay-to-play or grinding, Friend Spam, Social pyramid schemes, and Address Book Leeching)","I wouldn't have been as annoyed if instead of the file download buttons it instead showed ""Login to download""","https://drive.google.com/open?id=1tmXhTo5IzHHe60dw-mxWOgwYbzfcNhUg, https://drive.google.com/open?id=1ENgUpOpYLLaH6Z2CePPiL6z8gFbmK3VG"
"1/25/2026 22:05:30","4bc7f5a22151e3f0617ee30c3595d358","No",NA,NA,NA,NA,1,"No",NA,NA,NA
"1/25/2026 22:33:57","86aedc940e1573ca89a0b18205d56559","No",NA,NA,NA,NA,NA,NA,NA,NA,NA
"1/25/2026 22:37:49","40dd2a03fb4b98f334946f6fec656214","No",NA,NA,NA,NA,NA,NA,NA,NA,NA
"1/25/2026 22:40:29","fc18d8e695666557c2869e666275169c","No",NA,NA,NA,NA,NA,NA,NA,NA,NA
"1/25/2026 23:10:57","91f4c3e914abd8a08357dd818e47d187","Unsure","Lune Cafe","Order some dessert / food","They put the popular / featured limited time only options at the top and the regular stuff at the hidden. I had to navigate between many different pages just to find what i wanted.","Hindering what you wanted to accomplish",2,"No","Asymmetric Choice (Trick questions, Confirm shaming, Preselection, Subverting privacy preferences)",NA,NA
"1/25/2026 23:16:17","eb3d24eeaafc9ed15391a6eab40384e4","Unsure","Amazon 
https://www.amazon.com/Adjustable-Cervical-Sleeping-Ergonomic-Orthopedic/dp/B0C1GQ54QD/ref=sr_1_4?crid=297OATI1TI7DC&dib=eyJ2IjoiMSJ9.1zGfq2glR9DaHV5PmALOO7gKV0E--3qNdz927HgvxWg_fhj5tt8JEwrzwyZmv6DGmNNXr9ec4Qqdhidtn63ws8uQJxSqbbNwjeFw7qhGmrcpGkqWJIiHkPDhiwifB4-a134p7-xccD43A2LDICig-P2GmrU2T-k1vU_ddyQo5lKDpyxz79CPngv2xnVQzLbq7mtQT_mHJheUZkC31XPQ_-JRDr8AIC61yEunWFULEBex73g9fU7iOLbgyTz7NfNt94GH9u7OITooCIXa3_mo8FD4jsxpoxFu04gqzrs0dZs.94PidNDhMwUOaeqpSSN2unITahacx4fw2jz8NBi92Xc&dib_tag=se&keywords=Pillow%2Bfor%2Bneck%2Bpain&qid=1769411043&s=home-garden&sprefix=pillow%2Bfor%2Bneck%2Bpai%2Cgarden%2C165&sr=1-4&th=1","I was browsing online for a  good pillow.","The first thing is that it says limited time deal, but doesn't mention how long the sale is going to last for. Secondly, it says order within 55 minutes and there will be free delivery on a certain day. Another confusing thing is that in small text at the top right hand corner is says Sponsored underneath a banner. I can't really tell if the Sponsored text is for the banner or the product listing itself is sponsored.","I'm questioning whether this is actually the #1 best seller in Contoured Support Pillows category.",3,"Yes","Urgency (Baseless countdown timer, False limited time message, False discount claims), Interface Interference (Misdirection, False hierarchy or pressured upselling, Disguised ads,  Bait and swtich)",NA,"https://drive.google.com/open?id=1hDQNNllX8IVobJKQvWK3oh1VreA8IID7"
"1/25/2026 23:19:17","e9654dbbbfe347916631418f6892fabf","No",NA,NA,NA,NA,NA,NA,NA,NA,NA
"1/25/2026 23:21:23","442fc86a5aefdaeabbaea6fb9aebad38","No",NA,NA,NA,NA,NA,NA,NA,NA,NA
"1/25/2026 23:28:54","8f3e6c234621b584a8db2856547a1e72","No",NA,NA,NA,NA,NA,NA,NA,"-",NA
"1/25/2026 23:37:23","2953e5e87133f5a9d0402c611ec6523f","No",NA,NA,NA,NA,NA,NA,NA,NA,NA
"1/25/2026 23:46:50","0961728f88dc965cbb8dc507b1db0486","Unsure",NA,NA,NA,NA,NA,NA,NA,NA,NA
"1/25/2026 23:49:47","9a0dd5b58c1c3e6033e98ee97e708eff","No",NA,NA,NA,NA,NA,NA,NA,"No incidents.",NA
"1/25/2026 23:58:34","8f3e6c234621b584a8db2856547a1e72","Yes","shein, link: https://us.shein.com/?url_from=usgooglebrandshein_srsa_Shein01_20210124&network=g&kwd=kwd-1667706624&pf=GOOGLE&keyword=shein&target=&placement=&gad_source=1&gad_campaignid=370313608&gbraid=0AAAAADm0yO6yjccYGJ7sufli52fATs7AO&gclid=Cj0KCQiAm9fLBhCQARIsAJoNOctfus8wZ_GqeejLfH_D9Or3fO5VaIR4r0cP-C1N0HG-bdvLGHCd7ocaAvNyEALw_wcB","I was trying to just open the app and see and I had all these pop-ups saying free gifts and you don't have to buy anything and get 3 items for $0","It was suss because later it wanted me to buy something to avail the offer","costing me more money than expected",1,"Yes","Sneaking or Information Hiding (Sneak-into-Basket, Hidden Information, Hidden Costs, Drip Pricing, Hiddent Subscription or Forced Continuity, Intermediate Currency)","-","https://drive.google.com/open?id=1tYyjUBAUA4I9flleLdcz35SikIklZV5J"
"1/26/2026 0:29:12","3ab9930600663c445d69ce90a7896ef2","Yes","Aliexpress","Trying to buy bulk items for my club","It was really cheap however, I noticed that after I added it to cart, it would raise up in price.","Yes, because I was looking for stuff that was within my budget, however, when I checked out, it wasn't the right price.",3,"No","Obstruction (Price comparison prevention, Roadblocks to cancellation, Immortal accounts)","No",NA
"1/26/2026 3:27:50","74f291653c12510a6585971c8a46ae03","Unsure","Xbox game pass ultimate subscription, microsoft.com or xbox.com","cancel my xbox game pass ultimate subscription","somewhat difficult option to find cancel button, slow process, and have to click multiple buttons and more than one prompt before i can cancel. also final message asking if i for sure want to cancel and relisting the benefits i lose if i cancel. im canceling because of subscription price increase","somewhat hindering what i wanted to accomplish by having a slow process, and costing me time and effort, and costing me money in a way since it's going up in price",2,"No","Coerced Action (Unauthorized transactions, Auto-play, Nagging, Forced registration or enrollment, Pay-to-play or grinding, Friend Spam, Social pyramid schemes, and Address Book Leeching)","this is for 1/25",NA
"1/27/2026 2:09:47","40dd2a03fb4b98f334946f6fec656214","No",NA,NA,NA,NA,NA,NA,NA,NA,NA
